"Sample","N^-0.5","N^-0.75","N^-1","White Noise","Golden Ratio","Blue Noise","Projective Blue Noise"
"1","1.000000","1.000000","0.500000","0.500000","0.500000","0.500000","0.500000","0.500000"
"2","0.707107","0.594604","0.000000","0.500000","0.000000","0.000000","0.000000","0.000000"
"3","0.577350","0.438691","0.166667","0.500000","0.166667","0.166667","0.166667","0.166667"
"4","0.500000","0.353553","0.000000","0.500000","0.000000","0.250000","0.000000","0.000000"
"5","0.447214","0.299070","0.100000","0.300000","0.100000","0.300000","0.100000","0.100000"
"6","0.408248","0.260847","0.000000","0.333333","0.000000","0.333333","0.000000","0.000000"
"7","0.377964","0.232368","0.071429","0.214286","0.071429","0.214286","0.071429","0.071429"
"8","0.353553","0.210224","0.125000","0.125000","0.000000","0.125000","0.125000","0.000000"
"9","0.333333","0.192450","0.055556","0.166667","0.055556","0.166667","0.055556","0.055556"
"10","0.316228","0.177828","0.100000","0.200000","0.000000","0.100000","0.100000","0.100000"
"11","0.301511","0.165560","0.045455","0.227273","0.045455","0.045455","0.045455","0.045455"
"12","0.288675","0.155101","0.000000","0.166667","0.000000","0.083333","0.000000","0.083333"
"13","0.277350","0.146064","0.038462","0.192308","0.038462","0.038462","0.038462","0.115385"
"14","0.267261","0.138167","0.000000","0.142857","0.000000","0.071429","0.071429","0.071429"
"15","0.258199","0.131199","0.033333","0.166667","0.033333","0.033333","0.100000","0.033333"
"16","0.250000","0.125000","0.000000","0.125000","0.062500","0.062500","0.125000","0.062500"
"17","0.242536","0.119444","0.029412","0.088235","0.088235","0.088235","0.088235","0.088235"
"18","0.235702","0.114432","0.000000","0.111111","0.055556","0.111111","0.111111","0.055556"
"19","0.229416","0.109884","0.026316","0.131579","0.026316","0.078947","0.078947","0.078947"
"20","0.223607","0.105737","0.050000","0.100000","0.000000","0.100000","0.050000","0.050000"
"21","0.218218","0.101938","0.071429","0.071429","0.023810","0.071429","0.023810","0.023810"
"22","0.213201","0.098443","0.045455","0.090909","0.000000","0.045455","0.000000","0.045455"
"23","0.208514","0.095215","0.021739","0.108696","0.021739","0.021739","0.021739","0.021739"
"24","0.204124","0.092223","0.041667","0.083333","0.000000","0.041667","0.041667","0.000000"
"25","0.200000","0.089443","0.060000","0.100000","0.020000","0.060000","0.060000","0.020000"
"26","0.196116","0.086850","0.038462","0.076923","0.000000","0.076923","0.076923","0.000000"
"27","0.192450","0.084426","0.055556","0.092593","0.018519","0.092593","0.055556","0.018519"
"28","0.188982","0.082155","0.035714","0.071429","0.035714","0.071429","0.035714","0.035714"
"29","0.185695","0.080021","0.051724","0.086207","0.017241","0.086207","0.051724","0.051724"
"30","0.182574","0.078012","0.066667","0.100000","0.000000","0.066667","0.066667","0.033333"
"31","0.179605","0.076116","0.080645","0.112903","0.016129","0.048387","0.080645","0.016129"
"32","0.176777","0.074325","0.062500","0.093750","0.000000","0.062500","0.062500","0.031250"
"33","0.174078","0.072630","0.045455","0.075758","0.015152","0.045455","0.045455","0.015152"
"34","0.171499","0.071022","0.058824","0.088235","0.029412","0.029412","0.029412","0.000000"
"35","0.169031","0.069494","0.071429","0.071429","0.042857","0.014286","0.014286","0.014286"
"36","0.166667","0.068041","0.055556","0.055556","0.055556","0.027778","0.000000","0.000000"
"37","0.164399","0.066657","0.067568","0.067568","0.067568","0.040541","0.013514","0.013514"
"38","0.162221","0.065337","0.078947","0.078947","0.052632","0.052632","0.026316","0.000000"
"39","0.160128","0.064077","0.064103","0.089744","0.064103","0.064103","0.012821","0.012820"
"40","0.158114","0.062872","0.050000","0.075000","0.050000","0.050000","0.025000","0.000000"
"41","0.156174","0.061718","0.060976","0.085366","0.060976","0.060976","0.012195","0.012195"
"42","0.154303","0.060613","0.071429","0.071429","0.071429","0.047619","0.023810","0.023809"
"43","0.152499","0.059552","0.058140","0.081395","0.081395","0.034884","0.011628","0.034884"
"44","0.150756","0.058534","0.068182","0.068182","0.068182","0.045455","0.022727","0.022727"
"45","0.149071","0.057556","0.077778","0.055556","0.055556","0.033333","0.033333","0.033333"
"46","0.147442","0.056615","0.086957","0.065217","0.043478","0.043478","0.043478","0.021739"
"47","0.145865","0.055709","0.074468","0.074468","0.031915","0.053191","0.031915","0.010638"
"48","0.144338","0.054836","0.083333","0.062500","0.020833","0.041667","0.041667","0.020833"
"49","0.142857","0.053995","0.071429","0.051021","0.010204","0.051020","0.051021","0.010204"
"50","0.141421","0.053183","0.080000","0.060000","0.020000","0.040000","0.040000","0.020000"
"51","0.140028","0.052399","0.068627","0.049020","0.029412","0.029412","0.029412","0.009804"
"52","0.138675","0.051641","0.057692","0.038462","0.019231","0.038461","0.019231","0.019231"
"53","0.137361","0.050909","0.066038","0.047170","0.009434","0.028302","0.028302","0.028302"
"54","0.136083","0.050200","0.055556","0.037037","0.000000","0.018518","0.018519","0.018518"
"55","0.134840","0.049514","0.045455","0.045455","0.009091","0.009091","0.027273","0.009091"
"56","0.133631","0.048849","0.053571","0.035714","0.000000","0.017857","0.017857","0.017857"
"57","0.132453","0.048205","0.043860","0.026316","0.008772","0.026316","0.026316","0.008772"
"58","0.131306","0.047580","0.034483","0.017241","0.017241","0.034483","0.034483","0.000000"
"59","0.130189","0.046974","0.025424","0.025424","0.025424","0.042373","0.025424","0.008475"
"60","0.129099","0.046386","0.033333","0.033333","0.016667","0.050000","0.033333","0.000000"
"61","0.128037","0.045814","0.024590","0.024590","0.008197","0.057377","0.040984","0.008197"
"62","0.127000","0.045259","0.016129","0.032258","0.016129","0.048387","0.032258","0.000000"
"63","0.125988","0.044719","0.023810","0.023810","0.023809","0.055555","0.039683","0.007937"
"64","0.125000","0.044194","0.015625","0.031250","0.015625","0.062500","0.031250","0.015625"
"65","0.124035","0.043683","0.007692","0.023077","0.023077","0.069231","0.023077","0.007692"
"66","0.123091","0.043186","0.015152","0.030303","0.030303","0.075757","0.030303","0.000000"
"67","0.122169","0.042702","0.007463","0.037313","0.022388","0.067164","0.037313","0.007463"
"68","0.121268","0.042230","0.000000","0.044118","0.029412","0.058823","0.029412","0.014706"
"69","0.120386","0.041770","0.007246","0.036232","0.021739","0.065217","0.021739","0.021739"
"70","0.119523","0.041322","0.000000","0.028571","0.014286","0.071428","0.014286","0.028571"
"71","0.118678","0.040884","0.007042","0.035211","0.007042","0.063380","0.007042","0.035211"
"72","0.117851","0.040458","0.013889","0.027778","0.013889","0.069444","0.013889","0.027778"
"73","0.117041","0.040041","0.006849","0.020548","0.020548","0.061644","0.006849","0.020548"
"74","0.116248","0.039635","0.000000","0.027027","0.027027","0.054054","0.000000","0.027027"
"75","0.115470","0.039238","0.006667","0.033333","0.020000","0.046667","0.006667","0.020000"
"76","0.114708","0.038850","0.000000","0.039474","0.013158","0.039474","0.013158","0.026316"
"77","0.113961","0.038471","0.006494","0.032468","0.019480","0.032467","0.019481","0.019480"
"78","0.113228","0.038100","0.000000","0.038462","0.012820","0.025641","0.012821","0.012820"
"79","0.112509","0.037738","0.006329","0.031646","0.006329","0.018987","0.006329","0.006329"
"80","0.111803","0.037384","0.012500","0.037500","0.000000","0.012500","0.012500","0.012500"
"81","0.111111","0.037037","0.018519","0.030864","0.006173","0.006173","0.006173","0.018518"
"82","0.110432","0.036698","0.024390","0.024390","0.012195","0.000000","0.012195","0.024390"
"83","0.109764","0.036366","0.030120","0.030120","0.006024","0.006024","0.006024","0.018072"
"84","0.109109","0.036040","0.035714","0.023810","0.000000","0.011905","0.011905","0.011905"
"85","0.108465","0.035722","0.029412","0.017647","0.005882","0.005882","0.005882","0.005882"
"86","0.107833","0.035410","0.023256","0.011628","0.000000","0.000000","0.011628","0.011628"
"87","0.107211","0.035104","0.017241","0.017241","0.005747","0.005747","0.005747","0.005747"
"88","0.106600","0.034805","0.011364","0.022727","0.000000","0.011364","0.000000","0.000000"
"89","0.106000","0.034511","0.005618","0.016854","0.005618","0.005618","0.005618","0.005618"
"90","0.105409","0.034223","0.000000","0.022222","0.000000","0.000000","0.000000","0.011111"
"91","0.104828","0.033941","0.005494","0.016484","0.005494","0.005495","0.005494","0.016483"
"92","0.104257","0.033663","0.010870","0.021739","0.000000","0.000000","0.000000","0.021739"
"93","0.103695","0.033392","0.016129","0.016129","0.005376","0.005376","0.005376","0.016129"
"94","0.103142","0.033125","0.021277","0.010638","0.010638","0.010638","0.010638","0.021277"
"95","0.102598","0.032863","0.026316","0.015790","0.015790","0.015790","0.015789","0.015790"
"96","0.102062","0.032606","0.020833","0.020833","0.020833","0.010417","0.020833","0.020833"
"97","0.101535","0.032353","0.015464","0.015464","0.025773","0.005155","0.025773","0.025773"
"98","0.101015","0.032106","0.010204","0.010204","0.030612","0.000000","0.030612","0.030612"
"99","0.100504","0.031862","0.015152","0.015152","0.035354","0.005050","0.025252","0.025253"
"100","0.100000","0.031623","0.010000","0.010000","0.040000","0.000000","0.030000","0.020000"
"101","0.099504","0.031388","0.014851","0.004951","0.044554","0.004950","0.024752","0.014852"
"102","0.099015","0.031157","0.019608","0.009804","0.049020","0.009804","0.029412","0.019608"
"103","0.098533","0.030929","0.014563","0.014563","0.043689","0.014563","0.024272","0.014563"
"104","0.098058","0.030706","0.019231","0.019231","0.048077","0.009615","0.028846","0.019231"
"105","0.097590","0.030487","0.023809","0.023810","0.052381","0.014286","0.033333","0.023810"
"106","0.097129","0.030271","0.018868","0.018868","0.056604","0.018868","0.037736","0.018868"
"107","0.096674","0.030058","0.014019","0.014019","0.060748","0.014019","0.042056","0.023365"
"108","0.096225","0.029849","0.018519","0.018519","0.055556","0.009259","0.046296","0.018519"
"109","0.095783","0.029644","0.013762","0.022936","0.059633","0.004587","0.041284","0.013762"
"110","0.095346","0.029441","0.018182","0.018182","0.063636","0.009091","0.036363","0.018182"
"111","0.094916","0.029242","0.013514","0.022523","0.058559","0.013514","0.031531","0.022523"
"112","0.094491","0.029046","0.008929","0.017857","0.053571","0.008929","0.026786","0.017857"
"113","0.094072","0.028853","0.004425","0.022124","0.048673","0.013274","0.022124","0.022124"
"114","0.093659","0.028663","0.008772","0.017544","0.043860","0.008772","0.026316","0.017544"
"115","0.093250","0.028476","0.004348","0.021739","0.039130","0.013043","0.021739","0.021739"
"116","0.092848","0.028292","0.008621","0.025862","0.034483","0.008621","0.017241","0.025862"
"117","0.092450","0.028110","0.012821","0.029915","0.038462","0.012820","0.012820","0.021368"
"118","0.092057","0.027931","0.016949","0.025424","0.033898","0.016949","0.008474","0.025424"
"119","0.091670","0.027755","0.021008","0.021008","0.029412","0.012605","0.012605","0.021008"
"120","0.091287","0.027581","0.025000","0.025000","0.025000","0.008333","0.008333","0.016667"
"121","0.090909","0.027410","0.020661","0.020661","0.028926","0.012397","0.004132","0.012397"
"122","0.090536","0.027241","0.024590","0.016394","0.032787","0.016393","0.008197","0.008197"
"123","0.090167","0.027075","0.020325","0.020325","0.036585","0.020325","0.004065","0.012195"
"124","0.089803","0.026911","0.016129","0.024194","0.040323","0.016129","0.008064","0.008065"
"125","0.089443","0.026750","0.020000","0.028000","0.044000","0.012000","0.004000","0.012000"
"126","0.089087","0.026590","0.023810","0.023810","0.047619","0.007936","0.007936","0.015873"
"127","0.088736","0.026433","0.027559","0.027559","0.051181","0.011811","0.011811","0.019685"
"128","0.088388","0.026278","0.023438","0.023438","0.046875","0.007813","0.015625","0.023438"
"129","0.088045","0.026125","0.019380","0.027132","0.050388","0.003876","0.019380","0.019380"
"130","0.087706","0.025974","0.023077","0.023077","0.046154","0.000000","0.015385","0.023077"
"131","0.087370","0.025825","0.026718","0.019084","0.049618","0.003817","0.019084","0.026718"
"132","0.087039","0.025678","0.030303","0.022727","0.053030","0.007576","0.015151","0.022727"
"133","0.086711","0.025534","0.026316","0.026316","0.048872","0.011278","0.011278","0.026316"
"134","0.086387","0.025391","0.022388","0.022388","0.044776","0.014925","0.014925","0.022388"
"135","0.086066","0.025249","0.018519","0.018519","0.040741","0.018519","0.011111","0.018519"
"136","0.085749","0.025110","0.022059","0.022059","0.044118","0.014706","0.007353","0.014706"
"137","0.085436","0.024972","0.025548","0.018248","0.040146","0.010949","0.003650","0.018248"
"138","0.085126","0.024837","0.021739","0.014493","0.036232","0.014493","0.000000","0.014493"
"139","0.084819","0.024702","0.017986","0.017986","0.032374","0.010791","0.003597","0.010791"
"140","0.084515","0.024570","0.021429","0.014286","0.035714","0.014286","0.007143","0.007143"
"141","0.084215","0.024439","0.024823","0.017731","0.039007","0.017730","0.003546","0.003546"
"142","0.083918","0.024310","0.028169","0.014085","0.042254","0.021127","0.007042","0.000000"
"143","0.083624","0.024182","0.031469","0.010490","0.045455","0.024475","0.003496","0.003496"
"144","0.083333","0.024056","0.034722","0.006945","0.041667","0.020833","0.006944","0.000000"
"145","0.083045","0.023932","0.031035","0.010345","0.037931","0.024138","0.003448","0.003448"
"146","0.082761","0.023809","0.034247","0.006849","0.041096","0.020548","0.006849","0.000000"
"147","0.082479","0.023687","0.030612","0.003402","0.044218","0.017007","0.010204","0.003402"
"148","0.082199","0.023567","0.027027","0.006757","0.040541","0.013513","0.013514","0.000000"
"149","0.081923","0.023448","0.023490","0.003356","0.036913","0.016778","0.016779","0.003356"
"150","0.081650","0.023331","0.020000","0.000000","0.033333","0.020000","0.020000","0.000000"
"151","0.081379","0.023215","0.016556","0.003311","0.036424","0.023179","0.023179","0.003311"
"152","0.081111","0.023100","0.019737","0.000000","0.032895","0.019737","0.019737","0.006579"
"153","0.080845","0.022987","0.016340","0.003268","0.029412","0.022876","0.022876","0.009804"
"154","0.080582","0.022875","0.019481","0.000000","0.032468","0.019480","0.025974","0.006494"
"155","0.080322","0.022764","0.016129","0.003226","0.035484","0.022581","0.022581","0.003226"
"156","0.080064","0.022655","0.012821","0.000000","0.032051","0.019231","0.019231","0.006410"
"157","0.079809","0.022546","0.009554","0.003185","0.035032","0.015924","0.015924","0.009554"
"158","0.079556","0.022439","0.006329","0.000000","0.031646","0.018987","0.012658","0.012658"
"159","0.079305","0.022333","0.009434","0.003144","0.028302","0.015723","0.009434","0.015723"
"160","0.079057","0.022228","0.006250","0.000000","0.031250","0.012500","0.012500","0.012500"
"161","0.078811","0.022125","0.003106","0.003106","0.034161","0.009317","0.015528","0.015528"
"162","0.078567","0.022022","0.000000","0.006173","0.037037","0.006173","0.012346","0.018519"
"163","0.078326","0.021921","0.003068","0.003068","0.039877","0.003067","0.015337","0.021472"
"164","0.078087","0.021821","0.000000","0.006098","0.036585","0.006097","0.012195","0.018293"
"165","0.077850","0.021721","0.003030","0.003030","0.039394","0.003030","0.015152","0.021212"
"166","0.077615","0.021623","0.006024","0.006024","0.036145","0.000000","0.012048","0.018072"
"167","0.077382","0.021526","0.002994","0.002994","0.038922","0.002994","0.008982","0.014970"
"168","0.077152","0.021430","0.000000","0.000000","0.035714","0.005952","0.005952","0.017857"
"169","0.076923","0.021335","0.002959","0.002959","0.032544","0.008876","0.008876","0.020710"
"170","0.076697","0.021240","0.005883","0.000000","0.029412","0.011765","0.011765","0.017647"
"171","0.076472","0.021147","0.002924","0.002924","0.032164","0.014620","0.008772","0.014620"
"172","0.076249","0.021055","0.005814","0.005814","0.029070","0.011628","0.005814","0.017442"
"173","0.076029","0.020964","0.008671","0.002890","0.026012","0.014451","0.002890","0.020231"
"174","0.075810","0.020873","0.011494","0.000000","0.028736","0.011494","0.000000","0.022988"
"175","0.075593","0.020784","0.014286","0.002857","0.031429","0.008571","0.002857","0.020000"
"176","0.075378","0.020695","0.011364","0.000000","0.028409","0.005682","0.000000","0.017045"
"177","0.075165","0.020607","0.014124","0.002825","0.031073","0.002825","0.002825","0.019774"
"178","0.074953","0.020520","0.011236","0.000000","0.028090","0.000000","0.000000","0.022472"
"179","0.074744","0.020434","0.013967","0.002793","0.030726","0.002793","0.002793","0.019553"
"180","0.074536","0.020349","0.016667","0.005555","0.033333","0.000000","0.000000","0.022222"
"181","0.074329","0.020265","0.013812","0.002762","0.030387","0.002762","0.002762","0.019337"
"182","0.074125","0.020181","0.010989","0.000000","0.027472","0.000000","0.000000","0.016483"
"183","0.073922","0.020098","0.013661","0.002732","0.030055","0.002732","0.002732","0.019126"
"184","0.073721","0.020016","0.016304","0.005435","0.032609","0.000000","0.000000","0.016304"
"185","0.073521","0.019935","0.013514","0.002703","0.035135","0.002703","0.002703","0.018919"
"186","0.073324","0.019855","0.016129","0.005376","0.037634","0.005376","0.005376","0.021505"
"187","0.073127","0.019775","0.013369","0.008021","0.040107","0.002674","0.002674","0.018717"
"188","0.072932","0.019696","0.015958","0.005319","0.037234","0.000000","0.000000","0.015957"
"189","0.072739","0.019618","0.018519","0.002645","0.039683","0.002645","0.002645","0.013227"
"190","0.072548","0.019540","0.015790","0.000000","0.042105","0.000000","0.000000","0.010526"
"191","0.072357","0.019464","0.013089","0.002618","0.044503","0.002618","0.002618","0.007853"
"192","0.072169","0.019388","0.015625","0.000000","0.046875","0.005208","0.005208","0.005208"
"193","0.071982","0.019312","0.012953","0.002590","0.049223","0.002591","0.002591","0.007772"
"194","0.071796","0.019238","0.015464","0.000000","0.046392","0.005155","0.000000","0.005155"
"195","0.071611","0.019163","0.012821","0.002564","0.043590","0.007692","0.002564","0.007692"
"196","0.071429","0.019090","0.010204","0.005102","0.040816","0.010204","0.000000","0.005102"
"197","0.071247","0.019017","0.007614","0.002538","0.043147","0.007614","0.002538","0.007614"
"198","0.071067","0.018945","0.005051","0.000000","0.045455","0.010101","0.005050","0.005051"
"199","0.070888","0.018874","0.007538","0.002512","0.047739","0.007538","0.002513","0.002513"
"200","0.070711","0.018803","0.010000","0.005000","0.045000","0.005000","0.000000","0.005000"
"201","0.070535","0.018733","0.007463","0.002487","0.042289","0.002488","0.002488","0.007463"
"202","0.070360","0.018663","0.009901","0.000000","0.039604","0.000000","0.000000","0.009901"
"203","0.070186","0.018594","0.012315","0.002463","0.036946","0.002463","0.002463","0.012315"
"204","0.070014","0.018526","0.014706","0.000000","0.034314","0.004902","0.004902","0.009804"
"205","0.069843","0.018458","0.017073","0.002439","0.036585","0.002439","0.007317","0.007317"
"206","0.069673","0.018391","0.019418","0.000000","0.033981","0.004854","0.004854","0.009709"
"207","0.069505","0.018324","0.021739","0.002415","0.031401","0.007246","0.002415","0.012077"
"208","0.069338","0.018258","0.024039","0.004808","0.028846","0.009615","0.004808","0.009615"
"209","0.069171","0.018192","0.021531","0.002392","0.031101","0.011962","0.007177","0.011962"
"210","0.069007","0.018127","0.019048","0.000000","0.033333","0.009524","0.009524","0.009524"
"211","0.068843","0.018063","0.021327","0.002370","0.030806","0.011848","0.011848","0.011848"
"212","0.068680","0.017999","0.023585","0.000000","0.028302","0.009434","0.009434","0.009434"
"213","0.068519","0.017936","0.025822","0.002348","0.030517","0.007042","0.007042","0.007042"
"214","0.068359","0.017873","0.023365","0.000000","0.028037","0.009346","0.009346","0.009346"
"215","0.068199","0.017810","0.020930","0.002326","0.030233","0.011628","0.011628","0.011628"
"216","0.068041","0.017748","0.023148","0.000000","0.032408","0.013889","0.009259","0.013889"
"217","0.067884","0.017687","0.025346","0.002304","0.029954","0.016129","0.011521","0.016129"
"218","0.067729","0.017626","0.022936","0.000000","0.027523","0.013761","0.009174","0.018349"
"219","0.067574","0.017566","0.020548","0.002283","0.025114","0.011416","0.011415","0.015982"
"220","0.067420","0.017506","0.018182","0.000000","0.022727","0.013636","0.009091","0.013636"
"221","0.067267","0.017446","0.015837","0.002262","0.020362","0.011312","0.011312","0.011312"
"222","0.067116","0.017387","0.018018","0.000000","0.022523","0.009009","0.013513","0.009009"
"223","0.066965","0.017329","0.020179","0.002242","0.020179","0.011211","0.015695","0.011211"
"224","0.066815","0.017271","0.017857","0.000000","0.022321","0.008929","0.017857","0.013393"
"225","0.066667","0.017213","0.015556","0.002222","0.024444","0.006667","0.015555","0.011111"
"226","0.066519","0.017156","0.017699","0.004425","0.022124","0.004425","0.017699","0.008850"
"227","0.066372","0.017099","0.019824","0.006608","0.024229","0.002203","0.019824","0.011013"
"228","0.066227","0.017043","0.021930","0.004386","0.026316","0.004386","0.017544","0.008772"
"229","0.066082","0.016987","0.019651","0.006550","0.024017","0.006550","0.015284","0.006550"
"230","0.065938","0.016932","0.017391","0.004348","0.021739","0.004348","0.013043","0.008696"
"231","0.065795","0.016877","0.015152","0.006494","0.019481","0.006493","0.015151","0.006494"
"232","0.065653","0.016822","0.012931","0.004310","0.021552","0.004310","0.017241","0.004310"
"233","0.065512","0.016768","0.015021","0.002146","0.023605","0.002146","0.015021","0.002146"
"234","0.065372","0.016714","0.017094","0.004274","0.021368","0.004273","0.017094","0.000000"
"235","0.065233","0.016661","0.014894","0.002128","0.023404","0.006383","0.014894","0.002128"
"236","0.065094","0.016608","0.012712","0.000000","0.021186","0.004237","0.012712","0.004237"
"237","0.064957","0.016555","0.010548","0.002110","0.023207","0.006329","0.010548","0.006329"
"238","0.064820","0.016503","0.012605","0.000000","0.021008","0.004202","0.008403","0.004202"
"239","0.064685","0.016451","0.010460","0.002092","0.023013","0.006276","0.006276","0.006276"
"240","0.064550","0.016400","0.008333","0.000000","0.025000","0.008333","0.008333","0.008333"
"241","0.064416","0.016349","0.006224","0.002075","0.022822","0.006224","0.010373","0.010373"
"242","0.064282","0.016298","0.008264","0.000000","0.020661","0.008264","0.012397","0.008264"
"243","0.064150","0.016248","0.006173","0.002058","0.018519","0.010288","0.010288","0.006173"
"244","0.064018","0.016198","0.004098","0.000000","0.020492","0.012295","0.012295","0.008197"
"245","0.063888","0.016148","0.002041","0.002041","0.022449","0.014286","0.014286","0.006122"
"246","0.063758","0.016099","0.000000","0.000000","0.020325","0.016260","0.012195","0.008130"
"247","0.063628","0.016050","0.002024","0.002025","0.022267","0.018218","0.010121","0.006073"
"248","0.063500","0.016002","0.004032","0.000000","0.020161","0.016129","0.012097","0.008064"
"249","0.063372","0.015953","0.002008","0.002008","0.018072","0.014056","0.010040","0.010040"
"250","0.063246","0.015905","0.004000","0.000000","0.016000","0.016000","0.012000","0.012000"
"251","0.063119","0.015858","0.005976","0.001992","0.013944","0.017928","0.013944","0.013944"
"252","0.062994","0.015811","0.007936","0.003968","0.011905","0.015873","0.011905","0.015873"
"253","0.062869","0.015764","0.009881","0.001976","0.009881","0.013834","0.013834","0.017787"
"254","0.062746","0.015717","0.007874","0.003937","0.007874","0.015748","0.011811","0.015748"
"255","0.062622","0.015671","0.009804","0.001961","0.005882","0.017647","0.009804","0.013725"
"256","0.062500","0.015625","0.007812","0.003906","0.003906","0.019531","0.011719","0.015625"
"257","0.062378","0.015579","0.009727","0.005836","0.001945","0.017510","0.013618","0.013619"
"258","0.062257","0.015534","0.011628","0.007752","0.000000","0.015504","0.011628","0.011628"
"259","0.062137","0.015489","0.013513","0.005791","0.001930","0.013513","0.013513","0.009652"
"260","0.062017","0.015444","0.015384","0.003846","0.000000","0.011538","0.015384","0.011538"
"261","0.061898","0.015400","0.013410","0.005747","0.001916","0.009578","0.013410","0.009578"
"262","0.061780","0.015356","0.015267","0.003817","0.003817","0.011450","0.015267","0.011450"
"263","0.061663","0.015312","0.013308","0.005703","0.005703","0.013308","0.017110","0.013308"
"264","0.061546","0.015269","0.011363","0.003788","0.007576","0.011364","0.015151","0.011363"
"265","0.061430","0.015225","0.009434","0.005660","0.005660","0.009434","0.013207","0.009434"
"266","0.061314","0.015182","0.007519","0.003759","0.007519","0.011278","0.011278","0.007519"
"267","0.061199","0.015140","0.005618","0.001873","0.009363","0.009363","0.013108","0.005618"
"268","0.061085","0.015097","0.007463","0.000000","0.007463","0.007463","0.014925","0.003731"
"269","0.060971","0.015055","0.009294","0.001859","0.005576","0.005576","0.016728","0.001859"
"270","0.060858","0.015013","0.011111","0.003704","0.007407","0.007407","0.014815","0.003704"
"271","0.060746","0.014972","0.009225","0.001845","0.009225","0.009225","0.012915","0.005535"
"272","0.060634","0.014930","0.011029","0.003676","0.011029","0.007353","0.011029","0.007353"
"273","0.060523","0.014889","0.012820","0.005494","0.012821","0.005494","0.009157","0.009157"
"274","0.060412","0.014849","0.010949","0.003650","0.014599","0.007299","0.007299","0.007299"
"275","0.060302","0.014808","0.009091","0.001818","0.016364","0.005454","0.009091","0.009091"
"276","0.060193","0.014768","0.007246","0.000000","0.018116","0.007246","0.007246","0.007246"
"277","0.060084","0.014728","0.005415","0.001805","0.019856","0.005415","0.009025","0.009025"
"278","0.059976","0.014688","0.007194","0.000000","0.021583","0.003597","0.007194","0.007194"
"279","0.059868","0.014649","0.005376","0.001792","0.019713","0.001792","0.005376","0.005376"
"280","0.059761","0.014609","0.003571","0.000000","0.021429","0.000000","0.003571","0.007143"
"281","0.059655","0.014570","0.001779","0.001779","0.023132","0.001779","0.005338","0.008897"
"282","0.059549","0.014532","0.000000","0.003546","0.021277","0.003546","0.003546","0.007092"
"283","0.059444","0.014493","0.001767","0.001767","0.022968","0.005300","0.001767","0.008834"
"284","0.059339","0.014455","0.000000","0.000000","0.021127","0.003521","0.003521","0.007042"
"285","0.059235","0.014417","0.001755","0.001754","0.019298","0.005263","0.005263","0.008772"
"286","0.059131","0.014379","0.000000","0.003496","0.017483","0.003496","0.003496","0.010489"
"287","0.059028","0.014341","0.001742","0.001742","0.019164","0.005226","0.001742","0.012195"
"288","0.058926","0.014304","0.003472","0.000000","0.020833","0.003472","0.003472","0.013889"
"289","0.058824","0.014267","0.001730","0.001730","0.019031","0.001730","0.005190","0.012111"
"290","0.058722","0.014230","0.003448","0.000000","0.017241","0.000000","0.006896","0.010345"
"291","0.058621","0.014193","0.005154","0.001718","0.018900","0.001718","0.008591","0.008591"
"292","0.058521","0.014157","0.006849","0.000000","0.017123","0.000000","0.010274","0.006849"
"293","0.058421","0.014120","0.005119","0.001706","0.015358","0.001706","0.008532","0.005119"
"294","0.058321","0.014084","0.003401","0.003401","0.013605","0.003401","0.006802","0.006802"
"295","0.058222","0.014049","0.001695","0.001695","0.015254","0.005085","0.005085","0.008474"
"296","0.058124","0.014013","0.003378","0.000000","0.013514","0.003378","0.003378","0.006757"
"297","0.058026","0.013978","0.005050","0.001683","0.011785","0.005050","0.005050","0.008417"
"298","0.057928","0.013942","0.003356","0.003356","0.010067","0.006711","0.003356","0.010067"
"299","0.057831","0.013907","0.001672","0.001672","0.008361","0.008361","0.001672","0.011706"
"300","0.057735","0.013873","0.000000","0.003333","0.006667","0.010000","0.000000","0.013333"
"301","0.057639","0.013838","0.001661","0.004983","0.004983","0.011628","0.001661","0.011628"
"302","0.057544","0.013804","0.003311","0.003311","0.003311","0.013245","0.003311","0.013245"
"303","0.057448","0.013769","0.001650","0.001650","0.001650","0.011551","0.001650","0.011551"
"304","0.057354","0.013736","0.000000","0.000000","0.000000","0.009868","0.003290","0.009868"
"305","0.057260","0.013702","0.001639","0.001639","0.001639","0.008197","0.001639","0.008197"
"306","0.057166","0.013668","0.003268","0.000000","0.000000","0.006536","0.000000","0.009804"
"307","0.057073","0.013635","0.001629","0.001628","0.001629","0.004886","0.001629","0.011401"
"308","0.056980","0.013602","0.000000","0.000000","0.000000","0.006493","0.000000","0.012987"
"309","0.056888","0.013568","0.001618","0.001618","0.001618","0.008090","0.001618","0.014563"
"310","0.056796","0.013536","0.003226","0.000000","0.003226","0.009677","0.000000","0.016129"
"311","0.056705","0.013503","0.004823","0.001608","0.004823","0.008038","0.001608","0.014469"
"312","0.056614","0.013471","0.006410","0.003205","0.003205","0.009615","0.000000","0.016026"
"313","0.056523","0.013438","0.007987","0.004793","0.004792","0.007987","0.001597","0.014377"
"314","0.056433","0.013406","0.006369","0.003185","0.003185","0.006369","0.003185","0.015924"
"315","0.056344","0.013374","0.004762","0.004762","0.004762","0.004762","0.004762","0.014286"
"316","0.056254","0.013342","0.003165","0.003165","0.003165","0.006329","0.003164","0.012658"
"317","0.056166","0.013311","0.004732","0.004732","0.004732","0.007886","0.001577","0.011041"
"318","0.056077","0.013279","0.006289","0.003145","0.006289","0.006289","0.000000","0.012579"
"319","0.055989","0.013248","0.007837","0.001568","0.004702","0.007837","0.001567","0.010972"
"320","0.055902","0.013217","0.009375","0.003125","0.006250","0.006250","0.003125","0.012500"
"321","0.055815","0.013186","0.010903","0.001558","0.004673","0.007788","0.004673","0.010903"
"322","0.055728","0.013156","0.009317","0.000000","0.003106","0.006211","0.003105","0.009317"
"323","0.055641","0.013125","0.007740","0.001548","0.001548","0.007740","0.004644","0.010836"
"324","0.055556","0.013095","0.006173","0.000000","0.000000","0.006173","0.003086","0.009259"
"325","0.055470","0.013064","0.007692","0.001539","0.001539","0.004615","0.001538","0.007692"
"326","0.055385","0.013034","0.006135","0.000000","0.000000","0.006135","0.003067","0.009202"
"327","0.055300","0.013004","0.004587","0.001529","0.001529","0.007645","0.001529","0.007645"
"328","0.055216","0.012975","0.006097","0.000000","0.003049","0.006097","0.000000","0.009146"
"329","0.055132","0.012945","0.007599","0.001520","0.004559","0.007599","0.001520","0.007599"
"330","0.055048","0.012916","0.009091","0.000000","0.006060","0.009091","0.003030","0.006061"
"331","0.054965","0.012886","0.010574","0.001510","0.004532","0.007553","0.001511","0.004532"
"332","0.054882","0.012857","0.012048","0.000000","0.006024","0.009036","0.000000","0.006024"
"333","0.054800","0.012828","0.013514","0.001502","0.007507","0.010510","0.001502","0.004505"
"334","0.054718","0.012799","0.014970","0.000000","0.005988","0.008982","0.000000","0.002994"
"335","0.054636","0.012771","0.013433","0.001492","0.004478","0.007462","0.001493","0.004478"
"336","0.054554","0.012742","0.011905","0.000000","0.002976","0.005952","0.002976","0.002976"
"337","0.054473","0.012714","0.010386","0.001484","0.004451","0.007418","0.004451","0.001484"
"338","0.054393","0.012686","0.008876","0.002958","0.002959","0.008876","0.005917","0.002959"
"339","0.054313","0.012658","0.007375","0.001475","0.001475","0.007374","0.007375","0.001475"
"340","0.054233","0.012630","0.005882","0.000000","0.002941","0.005882","0.008824","0.000000"
"341","0.054153","0.012602","0.004399","0.001466","0.001466","0.007331","0.007331","0.001466"
"342","0.054074","0.012574","0.002924","0.000000","0.000000","0.008772","0.008772","0.002924"
"343","0.053995","0.012547","0.001458","0.001458","0.001458","0.010204","0.010204","0.004373"
"344","0.053916","0.012519","0.002907","0.000000","0.002907","0.011628","0.008721","0.002907"
"345","0.053838","0.012492","0.004348","0.001449","0.004348","0.010145","0.007246","0.001449"
"346","0.053760","0.012465","0.005780","0.000000","0.005780","0.011560","0.005780","0.002890"
"347","0.053683","0.012438","0.007205","0.001441","0.007204","0.010086","0.007205","0.004323"
"348","0.053606","0.012411","0.005747","0.000000","0.008621","0.008620","0.008621","0.005747"
"349","0.053529","0.012385","0.007163","0.001433","0.007163","0.007163","0.007163","0.007163"
"350","0.053452","0.012358","0.005714","0.002857","0.005714","0.008571","0.005714","0.008571"
"351","0.053376","0.012332","0.004274","0.004273","0.007122","0.009971","0.004274","0.009971"
"352","0.053300","0.012305","0.005682","0.002841","0.005682","0.008522","0.002841","0.008523"
"353","0.053225","0.012279","0.004249","0.001416","0.007082","0.007082","0.001416","0.009915"
"354","0.053149","0.012253","0.002825","0.002825","0.005650","0.005649","0.000000","0.008475"
"355","0.053074","0.012227","0.004225","0.001408","0.007042","0.007042","0.001408","0.007042"
"356","0.053000","0.012201","0.002809","0.002809","0.005618","0.005618","0.002809","0.008427"
"357","0.052926","0.012176","0.004202","0.001400","0.007003","0.007003","0.001401","0.009804"
"358","0.052852","0.012150","0.005587","0.002793","0.008380","0.008380","0.000000","0.011173"
"359","0.052778","0.012125","0.006964","0.004178","0.006964","0.006964","0.001393","0.012535"
"360","0.052705","0.012100","0.008333","0.002778","0.008333","0.008333","0.002778","0.011111"
"361","0.052632","0.012075","0.009695","0.001385","0.006925","0.009695","0.001385","0.012465"
"362","0.052559","0.012049","0.011050","0.000000","0.008287","0.008287","0.002762","0.013812"
"363","0.052486","0.012025","0.009642","0.001377","0.009642","0.006887","0.004132","0.012397"
"364","0.052414","0.012000","0.008242","0.000000","0.008242","0.005494","0.005494","0.010989"
"365","0.052342","0.011975","0.009589","0.001370","0.009589","0.004109","0.004110","0.009589"
"366","0.052271","0.011951","0.008197","0.000000","0.008196","0.005464","0.002732","0.008197"
"367","0.052200","0.011926","0.009537","0.001362","0.006812","0.006812","0.001362","0.009537"
"368","0.052129","0.011902","0.010870","0.000000","0.008152","0.005434","0.000000","0.010870"
"369","0.052058","0.011878","0.012195","0.001355","0.006775","0.006775","0.001355","0.009485"
"370","0.051988","0.011854","0.013514","0.002703","0.005405","0.005405","0.002703","0.010811"
"371","0.051917","0.011830","0.012129","0.001348","0.006738","0.004043","0.004043","0.009434"
"372","0.051848","0.011806","0.013441","0.000000","0.005376","0.005376","0.005376","0.010753"
"373","0.051778","0.011782","0.012064","0.001341","0.006702","0.004021","0.004021","0.009383"
"374","0.051709","0.011758","0.013369","0.002674","0.008021","0.002673","0.005348","0.008021"
"375","0.051640","0.011735","0.014667","0.001333","0.009333","0.001333","0.006667","0.009333"
"376","0.051571","0.011711","0.015957","0.002660","0.007978","0.002659","0.005319","0.010638"
"377","0.051503","0.011688","0.017241","0.001326","0.006631","0.003978","0.003979","0.009284"
"378","0.051434","0.011665","0.018519","0.002646","0.007936","0.005291","0.002646","0.010582"
"379","0.051367","0.011642","0.017150","0.001319","0.009235","0.006596","0.001319","0.009235"
"380","0.051299","0.011619","0.015789","0.002632","0.007894","0.005263","0.002632","0.010526"
"381","0.051232","0.011596","0.014436","0.003937","0.006561","0.006561","0.001312","0.009186"
"382","0.051164","0.011573","0.015707","0.005236","0.007853","0.007853","0.002618","0.010471"
"383","0.051098","0.011551","0.014360","0.003917","0.006527","0.006527","0.001306","0.011749"
"384","0.051031","0.011528","0.015625","0.002604","0.005208","0.007812","0.002604","0.010417"
"385","0.050965","0.011505","0.014286","0.003896","0.003896","0.006493","0.003896","0.009091"
"386","0.050899","0.011483","0.015544","0.002591","0.002590","0.005181","0.002591","0.010363"
"387","0.050833","0.011461","0.016796","0.001292","0.003876","0.006460","0.001292","0.009044"
"388","0.050767","0.011439","0.018041","0.002577","0.002577","0.007732","0.000000","0.007732"
"389","0.050702","0.011417","0.016709","0.003856","0.001285","0.008997","0.001285","0.006427"
"390","0.050637","0.011395","0.017949","0.005128","0.000000","0.007692","0.000000","0.007692"
"391","0.050572","0.011373","0.019182","0.003836","0.001279","0.006394","0.001279","0.008951"
"392","0.050508","0.011351","0.020408","0.005102","0.000000","0.005102","0.002551","0.007653"
"393","0.050443","0.011329","0.019084","0.003817","0.001272","0.003817","0.003817","0.006361"
"394","0.050379","0.011308","0.017766","0.005076","0.000000","0.005076","0.005076","0.005076"
"395","0.050315","0.011286","0.016456","0.003798","0.001266","0.006329","0.003797","0.003797"
"396","0.050252","0.011265","0.015151","0.002525","0.000000","0.007576","0.005050","0.005051"
"397","0.050189","0.011244","0.016373","0.003778","0.001259","0.008816","0.006297","0.003778"
"398","0.050125","0.011222","0.015075","0.005025","0.000000","0.007537","0.005025","0.005025"
"399","0.050063","0.011201","0.013784","0.003760","0.001253","0.006265","0.003759","0.003760"
"400","0.050000","0.011180","0.015000","0.002500","0.002500","0.007500","0.005000","0.002500"
"401","0.049938","0.011159","0.016209","0.003741","0.003741","0.008728","0.006234","0.003741"
"402","0.049875","0.011139","0.017413","0.004975","0.004975","0.009950","0.007463","0.002488"
"403","0.049814","0.011118","0.016129","0.003722","0.006204","0.011166","0.008685","0.001241"
"404","0.049752","0.011097","0.014851","0.004951","0.004951","0.009901","0.007426","0.000000"
"405","0.049690","0.011077","0.013580","0.003704","0.003704","0.011111","0.006173","0.001235"
"406","0.049629","0.011056","0.014778","0.004926","0.004926","0.009852","0.004926","0.002463"
"407","0.049568","0.011036","0.015970","0.003685","0.003686","0.008599","0.003685","0.003686"
"408","0.049507","0.011016","0.017157","0.002451","0.004902","0.009804","0.002451","0.002451"
"409","0.049447","0.010995","0.015892","0.001222","0.006113","0.011002","0.001222","0.003667"
"410","0.049386","0.010975","0.017073","0.002439","0.007317","0.009756","0.002439","0.002439"
"411","0.049326","0.010955","0.015815","0.001216","0.006083","0.010949","0.003650","0.003650"
"412","0.049266","0.010935","0.016990","0.000000","0.004854","0.009709","0.002427","0.002427"
"413","0.049207","0.010915","0.018160","0.001211","0.006053","0.010896","0.003632","0.001211"
"414","0.049147","0.010896","0.019324","0.000000","0.007246","0.012077","0.004831","0.000000"
"415","0.049088","0.010876","0.018072","0.001205","0.006024","0.010843","0.006024","0.001205"
"416","0.049029","0.010856","0.016827","0.000000","0.004808","0.009615","0.004808","0.000000"
"417","0.048970","0.010837","0.017986","0.001199","0.003597","0.008393","0.005995","0.001199"
"418","0.048912","0.010817","0.016746","0.002392","0.004785","0.007177","0.007177","0.002392"
"419","0.048853","0.010798","0.017900","0.003580","0.005967","0.008353","0.005966","0.001193"
"420","0.048795","0.010779","0.019048","0.002381","0.007143","0.007143","0.004762","0.000000"
"421","0.048737","0.010759","0.017815","0.001188","0.008314","0.008313","0.005938","0.001188"
"422","0.048679","0.010740","0.016588","0.002370","0.007109","0.007109","0.004739","0.000000"
"423","0.048622","0.010721","0.017730","0.001182","0.005910","0.005910","0.003546","0.001182"
"424","0.048564","0.010702","0.016509","0.000000","0.004717","0.004717","0.004717","0.000000"
"425","0.048507","0.010683","0.017647","0.001176","0.003530","0.003529","0.003529","0.001177"
"426","0.048450","0.010665","0.018779","0.002347","0.004695","0.004695","0.004695","0.000000"
"427","0.048393","0.010646","0.019906","0.003513","0.003513","0.005855","0.003513","0.001171"
"428","0.048337","0.010627","0.018692","0.002336","0.002337","0.004673","0.004673","0.000000"
"429","0.048280","0.010609","0.017482","0.003496","0.003497","0.003496","0.005827","0.001165"
"430","0.048224","0.010590","0.018605","0.002325","0.004651","0.002325","0.006977","0.000000"
"431","0.048168","0.010572","0.017401","0.003480","0.005801","0.003480","0.008121","0.001160"
"432","0.048113","0.010553","0.016204","0.002315","0.004630","0.004629","0.006944","0.000000"
"433","0.048057","0.010535","0.017321","0.001155","0.003464","0.003464","0.008083","0.001155"
"434","0.048002","0.010517","0.016129","0.002304","0.004609","0.004608","0.009217","0.002304"
"435","0.047946","0.010499","0.014942","0.001149","0.005747","0.005747","0.008046","0.001149"
"436","0.047891","0.010481","0.016055","0.000000","0.006881","0.004587","0.009174","0.000000"
"437","0.047836","0.010463","0.017162","0.001144","0.008009","0.005721","0.010297","0.001144"
"438","0.047782","0.010445","0.015982","0.000000","0.006850","0.006849","0.011416","0.000000"
"439","0.047727","0.010427","0.017084","0.001139","0.007973","0.007972","0.010251","0.001139"
"440","0.047673","0.010409","0.018182","0.000000","0.009091","0.006818","0.009091","0.000000"
"441","0.047619","0.010391","0.019274","0.001134","0.010204","0.005669","0.007936","0.001134"
"442","0.047565","0.010374","0.020362","0.000000","0.011312","0.004525","0.009050","0.000000"
"443","0.047511","0.010356","0.021445","0.001128","0.012416","0.003386","0.007901","0.001129"
"444","0.047458","0.010339","0.022523","0.000000","0.011262","0.004504","0.009009","0.000000"
"445","0.047405","0.010321","0.023596","0.001124","0.012360","0.003371","0.010112","0.001124"
"446","0.047351","0.010304","0.022422","0.000000","0.013453","0.002242","0.011211","0.000000"
"447","0.047298","0.010287","0.023490","0.001118","0.014542","0.003356","0.010067","0.001119"
"448","0.047246","0.010269","0.024554","0.000000","0.013393","0.004464","0.011161","0.002232"
"449","0.047193","0.010252","0.025613","0.001114","0.014477","0.003341","0.012249","0.001114"
"450","0.047140","0.010235","0.024445","0.000000","0.015556","0.004444","0.013333","0.002222"
"451","0.047088","0.010218","0.023282","0.001109","0.016630","0.003326","0.012195","0.001109"
"452","0.047036","0.010201","0.024336","0.002213","0.017699","0.002212","0.013274","0.000000"
"453","0.046984","0.010184","0.023179","0.001104","0.016557","0.001104","0.012141","0.001104"
"454","0.046932","0.010167","0.022027","0.000000","0.017621","0.002202","0.011013","0.000000"
"455","0.046881","0.010151","0.020879","0.001099","0.018682","0.001099","0.009890","0.001099"
"456","0.046829","0.010134","0.019737","0.000000","0.019737","0.000000","0.008772","0.000000"
"457","0.046778","0.010117","0.018600","0.001094","0.018600","0.001094","0.007659","0.001094"
"458","0.046727","0.010101","0.019651","0.002184","0.017468","0.002184","0.008734","0.000000"
"459","0.046676","0.010084","0.018519","0.001090","0.016340","0.003268","0.007625","0.001090"
"460","0.046625","0.010068","0.019565","0.002174","0.017392","0.004348","0.006522","0.000000"
"461","0.046575","0.010051","0.020607","0.003254","0.016269","0.005423","0.005423","0.001084"
"462","0.046524","0.010035","0.021645","0.002165","0.015152","0.004329","0.006493","0.002164"
"463","0.046474","0.010019","0.022678","0.003240","0.014039","0.003240","0.007559","0.003240"
"464","0.046424","0.010003","0.023707","0.002155","0.015087","0.004310","0.008621","0.004310"
"465","0.046374","0.009986","0.024731","0.003226","0.016129","0.003226","0.007527","0.005376"
"466","0.046324","0.009970","0.023605","0.002146","0.015022","0.002146","0.008584","0.006438"
"467","0.046274","0.009954","0.022484","0.001071","0.016060","0.001071","0.009636","0.005353"
"468","0.046225","0.009938","0.023504","0.000000","0.014958","0.002137","0.008547","0.004273"
"469","0.046176","0.009922","0.024520","0.001066","0.013860","0.001066","0.007463","0.003198"
"470","0.046127","0.009907","0.023404","0.002128","0.012766","0.000000","0.006383","0.002128"
"471","0.046078","0.009891","0.024416","0.001062","0.013801","0.001062","0.007431","0.003185"
"472","0.046029","0.009875","0.023305","0.002119","0.012712","0.000000","0.008475","0.002118"
"473","0.045980","0.009859","0.024313","0.003171","0.013742","0.001057","0.009514","0.003171"
"474","0.045932","0.009844","0.023207","0.002110","0.014768","0.000000","0.008439","0.004219"
"475","0.045883","0.009828","0.024211","0.001053","0.015790","0.001052","0.007368","0.005263"
"476","0.045835","0.009813","0.025210","0.000000","0.014706","0.000000","0.008403","0.004202"
"477","0.045787","0.009797","0.024109","0.001048","0.013627","0.001048","0.009434","0.005241"
"478","0.045739","0.009782","0.023013","0.000000","0.014645","0.002092","0.010460","0.006276"
"479","0.045691","0.009767","0.024008","0.001044","0.013570","0.003132","0.011482","0.005219"
"480","0.045644","0.009751","0.025000","0.000000","0.012500","0.002083","0.010417","0.004166"
"481","0.045596","0.009736","0.023909","0.001040","0.013514","0.003119","0.011434","0.003118"
"482","0.045549","0.009721","0.022822","0.002075","0.014523","0.002075","0.010373","0.002074"
"483","0.045502","0.009706","0.021739","0.001035","0.013458","0.001035","0.009317","0.003105"
"484","0.045455","0.009691","0.022727","0.000000","0.012397","0.000000","0.010331","0.002066"
"485","0.045408","0.009676","0.023711","0.001031","0.013402","0.001031","0.009278","0.001031"
"486","0.045361","0.009661","0.022634","0.002058","0.012346","0.000000","0.010288","0.000000"
"487","0.045314","0.009646","0.021561","0.001027","0.013347","0.001027","0.011294","0.001026"
"488","0.045268","0.009631","0.020492","0.000000","0.014345","0.000000","0.010246","0.002049"
"489","0.045222","0.009617","0.021472","0.001023","0.013293","0.001023","0.011247","0.001022"
"490","0.045175","0.009602","0.020408","0.000000","0.014286","0.002041","0.012245","0.002041"
"491","0.045129","0.009587","0.021385","0.001019","0.013238","0.001018","0.011202","0.003055"
"492","0.045083","0.009573","0.022358","0.000000","0.012195","0.002033","0.010163","0.002032"
"493","0.045038","0.009558","0.021298","0.001014","0.013185","0.003043","0.009128","0.001014"
"494","0.044992","0.009543","0.022267","0.000000","0.012146","0.004049","0.010121","0.000000"
"495","0.044947","0.009529","0.021212","0.001010","0.011111","0.003030","0.011111","0.001010"
"496","0.044901","0.009515","0.020161","0.002016","0.012097","0.002016","0.010081","0.000000"
"497","0.044856","0.009500","0.021127","0.001006","0.013079","0.001006","0.011066","0.001006"
"498","0.044811","0.009486","0.022088","0.000000","0.014056","0.000000","0.012048","0.002008"
"499","0.044766","0.009472","0.023046","0.001002","0.015030","0.001002","0.011022","0.001002"
"500","0.044721","0.009457","0.024000","0.000000","0.014000","0.002000","0.012000","0.002000"

