"Sample","N^-0.5","N^-0.75","N^-1","White Noise","Golden Ratio","Golden Ratio2","Blue Noise","Projective Blue Noise","Projective Blue Noise 2"
"1","1.000000","1.000000","1.000000","0.500000","0.500000","0.500000","0.500000","0.500000","0.500000"
"2","0.707107","0.594604","0.500000","0.000000","0.500000","0.000000","0.000000","0.000000","0.500000"
"3","0.577350","0.438691","0.333333","0.166667","0.166667","0.166667","0.166667","0.166667","0.166667"
"4","0.500000","0.353553","0.250000","0.250000","0.250000","0.000000","0.000000","0.000000","0.250000"
"5","0.447214","0.299070","0.200000","0.300000","0.100000","0.100000","0.100000","0.100000","0.100000"
"6","0.408248","0.260847","0.166667","0.333333","0.000000","0.000000","0.000000","0.000000","0.166667"
"7","0.377964","0.232368","0.142857","0.214286","0.071429","0.071429","0.071429","0.071429","0.071429"
"8","0.353553","0.210224","0.125000","0.250000","0.000000","0.125000","0.125000","0.000000","0.000000"
"9","0.333333","0.192450","0.111111","0.277778","0.055556","0.055556","0.166667","0.055556","0.055556"
"10","0.316228","0.177828","0.100000","0.300000","0.000000","0.100000","0.200000","0.000000","0.100000"
"11","0.301511","0.165560","0.090909","0.318182","0.045455","0.045455","0.227273","0.045455","0.045455"
"12","0.288675","0.155101","0.083333","0.333333","0.000000","0.083333","0.166667","0.000000","0.000000"
"13","0.277350","0.146064","0.076923","0.346154","0.038462","0.038462","0.115385","0.038462","0.038462"
"14","0.267261","0.138167","0.071429","0.357143","0.000000","0.071429","0.071429","0.000000","0.071429"
"15","0.258199","0.131199","0.066667","0.366667","0.033333","0.100000","0.100000","0.033333","0.033333"
"16","0.250000","0.125000","0.062500","0.312500","0.000000","0.062500","0.125000","0.062500","0.000000"
"17","0.242536","0.119444","0.058824","0.264706","0.029412","0.029412","0.147059","0.029412","0.029412"
"18","0.235702","0.114432","0.055556","0.222222","0.000000","0.055556","0.166667","0.055556","0.000000"
"19","0.229416","0.109884","0.052632","0.236842","0.026316","0.078947","0.131579","0.026316","0.026316"
"20","0.223607","0.105737","0.050000","0.200000","0.000000","0.050000","0.100000","0.050000","0.000000"
"21","0.218218","0.101938","0.047619","0.166667","0.023809","0.023810","0.071429","0.023810","0.023810"
"22","0.213201","0.098443","0.045455","0.136364","0.045455","0.045455","0.045455","0.000000","0.000000"
"23","0.208514","0.095215","0.043478","0.108696","0.021739","0.021739","0.065217","0.021739","0.021739"
"24","0.204124","0.092223","0.041667","0.125000","0.000000","0.041667","0.041667","0.000000","0.000000"
"25","0.200000","0.089443","0.040000","0.140000","0.020000","0.020000","0.060000","0.020000","0.020000"
"26","0.196116","0.086850","0.038462","0.115385","0.000000","0.038462","0.038462","0.038462","0.000000"
"27","0.192450","0.084426","0.037037","0.129630","0.018518","0.018519","0.018519","0.055556","0.018519"
"28","0.188982","0.082155","0.035714","0.142857","0.035714","0.000000","0.035714","0.035714","0.000000"
"29","0.185695","0.080021","0.034483","0.120690","0.017241","0.017241","0.051724","0.017241","0.017241"
"30","0.182574","0.078012","0.033333","0.100000","0.000000","0.000000","0.066667","0.033333","0.000000"
"31","0.179605","0.076116","0.032258","0.112903","0.016129","0.016129","0.048387","0.048387","0.016129"
"32","0.176777","0.074325","0.031250","0.093750","0.000000","0.000000","0.062500","0.062500","0.031250"
"33","0.174078","0.072630","0.030303","0.106061","0.015152","0.015152","0.045455","0.075758","0.045455"
"34","0.171499","0.071022","0.029412","0.088235","0.000000","0.000000","0.058824","0.058823","0.029412"
"35","0.169031","0.069494","0.028571","0.100000","0.014286","0.014286","0.042857","0.042857","0.014286"
"36","0.166667","0.068041","0.027778","0.111111","0.000000","0.027778","0.027778","0.027778","0.000000"
"37","0.164399","0.066657","0.027027","0.121622","0.013514","0.013514","0.040541","0.040541","0.013514"
"38","0.162221","0.065337","0.026316","0.105263","0.000000","0.000000","0.026316","0.052632","0.026316"
"39","0.160128","0.064077","0.025641","0.089743","0.012821","0.012820","0.012821","0.038462","0.038462"
"40","0.158114","0.062872","0.025000","0.075000","0.025000","0.000000","0.025000","0.025000","0.050000"
"41","0.156174","0.061718","0.024390","0.085366","0.036585","0.012195","0.012195","0.012195","0.036585"
"42","0.154303","0.060613","0.023810","0.095238","0.023810","0.023809","0.023810","0.000000","0.047619"
"43","0.152499","0.059552","0.023256","0.104651","0.011628","0.034884","0.034884","0.011628","0.034884"
"44","0.150756","0.058534","0.022727","0.090909","0.022727","0.022727","0.022727","0.000000","0.022727"
"45","0.149071","0.057556","0.022222","0.077778","0.033333","0.011111","0.011111","0.011111","0.011111"
"46","0.147442","0.056615","0.021739","0.086957","0.043478","0.021739","0.021739","0.000000","0.000000"
"47","0.145865","0.055709","0.021277","0.095745","0.031915","0.010638","0.010638","0.010638","0.010638"
"48","0.144338","0.054836","0.020833","0.104167","0.041667","0.020833","0.000000","0.000000","0.020833"
"49","0.142857","0.053995","0.020408","0.091837","0.030612","0.030612","0.010204","0.010204","0.010204"
"50","0.141421","0.053183","0.020000","0.080000","0.040000","0.040000","0.000000","0.000000","0.020000"
"51","0.140028","0.052399","0.019608","0.088235","0.029412","0.029412","0.009804","0.009804","0.029412"
"52","0.138675","0.051641","0.019231","0.076923","0.038462","0.019231","0.019231","0.019231","0.038461"
"53","0.137361","0.050909","0.018868","0.066038","0.047170","0.028302","0.028302","0.028302","0.028302"
"54","0.136083","0.050200","0.018519","0.074074","0.037037","0.037037","0.037037","0.018519","0.037037"
"55","0.134840","0.049514","0.018182","0.081818","0.027273","0.027273","0.045455","0.027273","0.027273"
"56","0.133631","0.048849","0.017857","0.089286","0.017857","0.017857","0.035714","0.017857","0.035714"
"57","0.132453","0.048205","0.017544","0.078947","0.026316","0.026316","0.026316","0.026316","0.026316"
"58","0.131306","0.047580","0.017241","0.068965","0.017241","0.034483","0.017241","0.017241","0.034483"
"59","0.130189","0.046974","0.016949","0.059322","0.008475","0.025424","0.025424","0.008475","0.025424"
"60","0.129099","0.046386","0.016667","0.066666","0.000000","0.033333","0.033333","0.016667","0.016667"
"61","0.128037","0.045814","0.016393","0.073770","0.008197","0.024590","0.024590","0.024590","0.024590"
"62","0.127000","0.045259","0.016129","0.080645","0.016129","0.032258","0.016129","0.032258","0.016129"
"63","0.125988","0.044719","0.015873","0.087301","0.007937","0.023809","0.023809","0.039683","0.007936"
"64","0.125000","0.044194","0.015625","0.093750","0.000000","0.031250","0.015625","0.046875","0.015625"
"65","0.124035","0.043683","0.015385","0.100000","0.007692","0.038461","0.023077","0.038462","0.023077"
"66","0.123091","0.043186","0.015152","0.090909","0.000000","0.030303","0.030303","0.045455","0.015151"
"67","0.122169","0.042702","0.014925","0.082089","0.007463","0.022388","0.037313","0.052239","0.022388"
"68","0.121268","0.042230","0.014706","0.073529","0.000000","0.014706","0.044118","0.044118","0.029412"
"69","0.120386","0.041770","0.014493","0.079710","0.007246","0.021739","0.050725","0.036232","0.021739"
"70","0.119523","0.041322","0.014286","0.071428","0.000000","0.028571","0.042857","0.028571","0.014286"
"71","0.118678","0.040884","0.014085","0.077465","0.007042","0.035211","0.035211","0.021127","0.021127"
"72","0.117851","0.040458","0.013889","0.069444","0.013889","0.027778","0.041667","0.013889","0.027778"
"73","0.117041","0.040041","0.013699","0.061644","0.006849","0.020548","0.034247","0.006849","0.034246"
"74","0.116248","0.039635","0.013514","0.054054","0.000000","0.027027","0.027027","0.000000","0.027027"
"75","0.115470","0.039238","0.013333","0.060000","0.006667","0.020000","0.020000","0.006667","0.020000"
"76","0.114708","0.038850","0.013158","0.065789","0.013158","0.026316","0.013158","0.013158","0.026316"
"77","0.113961","0.038471","0.012987","0.058441","0.006494","0.019480","0.019480","0.006493","0.019480"
"78","0.113228","0.038100","0.012821","0.051282","0.000000","0.025641","0.025641","0.000000","0.025641"
"79","0.112509","0.037738","0.012658","0.044304","0.006329","0.018987","0.031646","0.006329","0.018987"
"80","0.111803","0.037384","0.012500","0.050000","0.012500","0.012500","0.025000","0.012500","0.025000"
"81","0.111111","0.037037","0.012346","0.055555","0.006173","0.018518","0.030864","0.018518","0.030864"
"82","0.110432","0.036698","0.012195","0.048780","0.012195","0.024390","0.036585","0.024390","0.024390"
"83","0.109764","0.036366","0.012048","0.042168","0.006024","0.018072","0.030120","0.030120","0.018072"
"84","0.109109","0.036040","0.011905","0.047619","0.011905","0.011905","0.035714","0.023809","0.011905"
"85","0.108465","0.035722","0.011765","0.052941","0.005882","0.017647","0.041176","0.029412","0.017647"
"86","0.107833","0.035410","0.011628","0.058139","0.011628","0.023256","0.046512","0.034884","0.023256"
"87","0.107211","0.035104","0.011494","0.063218","0.017241","0.017241","0.040230","0.028736","0.028736"
"88","0.106600","0.034805","0.011364","0.068182","0.011364","0.011363","0.034091","0.022727","0.022727"
"89","0.106000","0.034511","0.011236","0.073033","0.005618","0.005618","0.028090","0.028090","0.016854"
"90","0.105409","0.034223","0.011111","0.077778","0.000000","0.011111","0.022222","0.022222","0.011111"
"91","0.104828","0.033941","0.010989","0.082417","0.005495","0.016483","0.027473","0.016483","0.016483"
"92","0.104257","0.033663","0.010870","0.086956","0.010870","0.021739","0.021739","0.010870","0.021739"
"93","0.103695","0.033392","0.010753","0.091398","0.005376","0.026882","0.026882","0.016129","0.016129"
"94","0.103142","0.033125","0.010638","0.085106","0.000000","0.021276","0.021277","0.010638","0.021277"
"95","0.102598","0.032863","0.010526","0.078947","0.005263","0.026316","0.015789","0.015789","0.026316"
"96","0.102062","0.032606","0.010417","0.083333","0.000000","0.020833","0.010417","0.020833","0.020833"
"97","0.101535","0.032353","0.010309","0.087629","0.005155","0.025773","0.015464","0.025773","0.025773"
"98","0.101015","0.032106","0.010204","0.091836","0.000000","0.030612","0.020408","0.030612","0.020408"
"99","0.100504","0.031862","0.010101","0.085858","0.005050","0.025252","0.025253","0.025252","0.025252"
"100","0.100000","0.031623","0.010000","0.080000","0.000000","0.020000","0.030000","0.030000","0.020000"
"101","0.099504","0.031388","0.009901","0.084158","0.004950","0.014851","0.034653","0.024752","0.024752"
"102","0.099015","0.031157","0.009804","0.078431","0.009804","0.019608","0.039216","0.019608","0.029412"
"103","0.098533","0.030929","0.009709","0.072815","0.004854","0.024272","0.033981","0.014563","0.024272"
"104","0.098058","0.030706","0.009615","0.076923","0.009615","0.019231","0.028846","0.009615","0.019231"
"105","0.097590","0.030487","0.009524","0.071428","0.004762","0.014286","0.033333","0.004762","0.014286"
"106","0.097129","0.030271","0.009434","0.066037","0.009434","0.018868","0.028302","0.009434","0.018868"
"107","0.096674","0.030058","0.009346","0.070093","0.004673","0.023364","0.023365","0.004673","0.014019"
"108","0.096225","0.029849","0.009259","0.074074","0.000000","0.027778","0.027778","0.000000","0.009259"
"109","0.095783","0.029644","0.009174","0.077981","0.004587","0.022936","0.032110","0.004587","0.013761"
"110","0.095346","0.029441","0.009091","0.072727","0.000000","0.018182","0.027273","0.009091","0.018182"
"111","0.094916","0.029242","0.009009","0.067567","0.004504","0.022523","0.022523","0.004504","0.022523"
"112","0.094491","0.029046","0.008929","0.062500","0.000000","0.017857","0.017857","0.000000","0.017857"
"113","0.094072","0.028853","0.008850","0.057522","0.004425","0.022124","0.022124","0.004425","0.022124"
"114","0.093659","0.028663","0.008772","0.061403","0.008772","0.026316","0.017544","0.008772","0.017544"
"115","0.093250","0.028476","0.008696","0.065217","0.004348","0.021739","0.013044","0.013044","0.013043"
"116","0.092848","0.028292","0.008621","0.068965","0.000000","0.017241","0.008621","0.017241","0.008621"
"117","0.092450","0.028110","0.008547","0.072649","0.004274","0.012820","0.012821","0.012821","0.012821"
"118","0.092057","0.027931","0.008475","0.076271","0.000000","0.016949","0.008475","0.008475","0.016949"
"119","0.091670","0.027755","0.008403","0.071428","0.004202","0.021008","0.012605","0.004202","0.012605"
"120","0.091287","0.027581","0.008333","0.075000","0.000000","0.016667","0.016667","0.008333","0.016667"
"121","0.090909","0.027410","0.008264","0.078512","0.004132","0.012397","0.020661","0.012397","0.012397"
"122","0.090536","0.027241","0.008197","0.081967","0.000000","0.016393","0.024590","0.008197","0.008197"
"123","0.090167","0.027075","0.008130","0.077236","0.004065","0.020325","0.020325","0.012195","0.012195"
"124","0.089803","0.026911","0.008065","0.080645","0.000000","0.016129","0.016129","0.008065","0.016129"
"125","0.089443","0.026750","0.008000","0.084000","0.004000","0.020000","0.012000","0.004000","0.020000"
"126","0.089087","0.026590","0.007937","0.079365","0.000000","0.015873","0.015873","0.000000","0.015873"
"127","0.088736","0.026433","0.007874","0.082677","0.003937","0.019685","0.011811","0.003937","0.011811"
"128","0.088388","0.026278","0.007813","0.085937","0.000000","0.015625","0.007813","0.000000","0.007813"
"129","0.088045","0.026125","0.007752","0.081395","0.003876","0.019380","0.003876","0.003876","0.003876"
"130","0.087706","0.025974","0.007692","0.076923","0.000000","0.023077","0.007692","0.000000","0.000000"
"131","0.087370","0.025825","0.007634","0.080152","0.003817","0.019084","0.003817","0.003817","0.003817"
"132","0.087039","0.025678","0.007576","0.083333","0.007576","0.015152","0.000000","0.000000","0.000000"
"133","0.086711","0.025534","0.007519","0.086466","0.003759","0.011278","0.003759","0.003759","0.003759"
"134","0.086387","0.025391","0.007463","0.082089","0.007463","0.014925","0.000000","0.007463","0.007463"
"135","0.086066","0.025249","0.007407","0.077778","0.003704","0.018519","0.003704","0.003704","0.011111"
"136","0.085749","0.025110","0.007353","0.073529","0.000000","0.014706","0.000000","0.000000","0.014706"
"137","0.085436","0.024972","0.007299","0.069343","0.003650","0.010949","0.003650","0.003650","0.010949"
"138","0.085126","0.024837","0.007246","0.065217","0.000000","0.007246","0.007246","0.007246","0.007246"
"139","0.084819","0.024702","0.007194","0.061151","0.003597","0.010791","0.003597","0.010791","0.010791"
"140","0.084515","0.024570","0.007143","0.064285","0.000000","0.007143","0.000000","0.014286","0.014286"
"141","0.084215","0.024439","0.007092","0.060283","0.003546","0.010638","0.003546","0.017730","0.010638"
"142","0.083918","0.024310","0.007042","0.063380","0.000000","0.007042","0.000000","0.014084","0.014085"
"143","0.083624","0.024182","0.006993","0.059440","0.003496","0.010490","0.003497","0.010489","0.017483"
"144","0.083333","0.024056","0.006944","0.055555","0.000000","0.006945","0.006944","0.013889","0.013889"
"145","0.083045","0.023932","0.006897","0.051724","0.003448","0.003448","0.010345","0.010345","0.017241"
"146","0.082761","0.023809","0.006849","0.054794","0.000000","0.006849","0.013699","0.006849","0.013699"
"147","0.082479","0.023687","0.006803","0.051020","0.003401","0.003401","0.010204","0.003401","0.017007"
"148","0.082199","0.023567","0.006757","0.054054","0.006757","0.006757","0.013514","0.006757","0.013514"
"149","0.081923","0.023448","0.006711","0.050335","0.003355","0.003356","0.016779","0.003356","0.010067"
"150","0.081650","0.023331","0.006667","0.053333","0.006666","0.006667","0.020000","0.006667","0.006667"
"151","0.081379","0.023215","0.006623","0.056291","0.003311","0.009934","0.016556","0.003311","0.009934"
"152","0.081111","0.023100","0.006579","0.052631","0.000000","0.006579","0.013158","0.000000","0.006579"
"153","0.080845","0.022987","0.006536","0.049019","0.003268","0.003268","0.016340","0.003268","0.009804"
"154","0.080582","0.022875","0.006494","0.045454","0.006493","0.000000","0.012987","0.000000","0.006493"
"155","0.080322","0.022764","0.006452","0.048387","0.009677","0.003226","0.016129","0.003226","0.009677"
"156","0.080064","0.022655","0.006410","0.044872","0.006410","0.006410","0.019231","0.006410","0.012820"
"157","0.079809","0.022546","0.006369","0.047770","0.003184","0.009554","0.015924","0.003185","0.009554"
"158","0.079556","0.022439","0.006329","0.044303","0.000000","0.006329","0.018987","0.000000","0.012658"
"159","0.079305","0.022333","0.006289","0.040880","0.003144","0.003145","0.022013","0.003145","0.015723"
"160","0.079057","0.022228","0.006250","0.043750","0.006250","0.006250","0.018750","0.006250","0.012500"
"161","0.078811","0.022125","0.006211","0.040372","0.003105","0.003106","0.021739","0.003106","0.015528"
"162","0.078567","0.022022","0.006173","0.043210","0.000000","0.006173","0.018518","0.006173","0.018519"
"163","0.078326","0.021921","0.006135","0.039877","0.003068","0.009203","0.015337","0.003068","0.015337"
"164","0.078087","0.021821","0.006098","0.036585","0.000000","0.012195","0.018293","0.000000","0.018293"
"165","0.077850","0.021721","0.006061","0.033333","0.003031","0.009091","0.021212","0.003030","0.015152"
"166","0.077615","0.021623","0.006024","0.036144","0.006024","0.006024","0.018072","0.006024","0.012048"
"167","0.077382","0.021526","0.005988","0.038922","0.002994","0.008982","0.014970","0.008982","0.008982"
"168","0.077152","0.021430","0.005952","0.041666","0.005953","0.011905","0.011905","0.011905","0.011905"
"169","0.076923","0.021335","0.005917","0.038461","0.002959","0.008876","0.014793","0.014793","0.014793"
"170","0.076697","0.021240","0.005882","0.035294","0.005883","0.005883","0.017647","0.017647","0.011765"
"171","0.076472","0.021147","0.005848","0.038011","0.002924","0.008772","0.020468","0.020468","0.008772"
"172","0.076249","0.021055","0.005814","0.034883","0.005814","0.011628","0.017442","0.023256","0.011628"
"173","0.076029","0.020964","0.005780","0.037572","0.008671","0.008671","0.014451","0.026011","0.014451"
"174","0.075810","0.020873","0.005747","0.040230","0.005747","0.005747","0.017241","0.022988","0.017241"
"175","0.075593","0.020784","0.005714","0.042857","0.002857","0.002857","0.014286","0.025714","0.020000"
"176","0.075378","0.020695","0.005682","0.045454","0.000000","0.005682","0.017045","0.022727","0.017045"
"177","0.075165","0.020607","0.005650","0.048022","0.002825","0.002825","0.019774","0.025424","0.019774"
"178","0.074953","0.020520","0.005618","0.050561","0.005618","0.005618","0.016854","0.028090","0.016854"
"179","0.074744","0.020434","0.005587","0.047486","0.008380","0.008380","0.013967","0.025139","0.019553"
"180","0.074536","0.020349","0.005556","0.050000","0.005556","0.005556","0.011111","0.022222","0.016667"
"181","0.074329","0.020265","0.005525","0.046961","0.002763","0.002762","0.008287","0.019337","0.019337"
"182","0.074125","0.020181","0.005495","0.043956","0.005495","0.000000","0.005495","0.021978","0.016483"
"183","0.073922","0.020098","0.005464","0.040983","0.002733","0.002732","0.002732","0.024590","0.013661"
"184","0.073721","0.020016","0.005435","0.038043","0.005435","0.005435","0.005435","0.021739","0.016304"
"185","0.073521","0.019935","0.005405","0.035135","0.002703","0.002703","0.002703","0.018919","0.013514"
"186","0.073324","0.019855","0.005376","0.037634","0.005377","0.000000","0.000000","0.016129","0.016129"
"187","0.073127","0.019775","0.005348","0.034759","0.002674","0.002674","0.002674","0.013369","0.018717"
"188","0.072932","0.019696","0.005319","0.031915","0.000000","0.000000","0.005319","0.015957","0.021277"
"189","0.072739","0.019618","0.005291","0.029100","0.002646","0.002646","0.007937","0.018518","0.023810"
"190","0.072548","0.019540","0.005263","0.026316","0.005263","0.000000","0.010526","0.015789","0.021053"
"191","0.072357","0.019464","0.005236","0.028796","0.002618","0.002618","0.007853","0.013089","0.018325"
"192","0.072169","0.019388","0.005208","0.031250","0.000000","0.000000","0.005208","0.010417","0.020833"
"193","0.071982","0.019312","0.005181","0.033678","0.002591","0.002591","0.007772","0.012953","0.023316"
"194","0.071796","0.019238","0.005155","0.036082","0.005155","0.005155","0.010309","0.015464","0.020619"
"195","0.071611","0.019163","0.005128","0.033333","0.002564","0.002564","0.007692","0.012820","0.017949"
"196","0.071429","0.019090","0.005102","0.030612","0.000000","0.005102","0.010204","0.010204","0.020408"
"197","0.071247","0.019017","0.005076","0.027918","0.002538","0.007614","0.007614","0.012690","0.022843"
"198","0.071067","0.018945","0.005051","0.030303","0.000000","0.010101","0.005051","0.015151","0.025253"
"199","0.070888","0.018874","0.005025","0.032663","0.002512","0.007538","0.007538","0.012563","0.027638"
"200","0.070711","0.018803","0.005000","0.030000","0.000000","0.005000","0.005000","0.010000","0.030000"
"201","0.070535","0.018733","0.004975","0.027363","0.002487","0.002488","0.002488","0.012438","0.027363"
"202","0.070360","0.018663","0.004950","0.029703","0.004950","0.004951","0.004951","0.014851","0.024753"
"203","0.070186","0.018594","0.004926","0.032019","0.007389","0.007389","0.007389","0.012315","0.027094"
"204","0.070014","0.018526","0.004902","0.029411","0.009804","0.004902","0.009804","0.009804","0.029412"
"205","0.069843","0.018458","0.004878","0.031707","0.007317","0.002439","0.007317","0.012195","0.026829"
"206","0.069673","0.018391","0.004854","0.029126","0.004854","0.000000","0.004854","0.014563","0.024272"
"207","0.069505","0.018324","0.004831","0.031401","0.002415","0.002416","0.007246","0.012077","0.021739"
"208","0.069338","0.018258","0.004808","0.033653","0.004807","0.000000","0.009615","0.009615","0.019231"
"209","0.069171","0.018192","0.004785","0.031100","0.007177","0.002392","0.011962","0.011962","0.021531"
"210","0.069007","0.018127","0.004762","0.028571","0.004762","0.000000","0.009524","0.014286","0.023810"
"211","0.068843","0.018063","0.004739","0.026066","0.002369","0.002370","0.007109","0.016588","0.021327"
"212","0.068680","0.017999","0.004717","0.023584","0.004717","0.000000","0.004717","0.018868","0.018868"
"213","0.068519","0.017936","0.004695","0.021126","0.007042","0.002347","0.002347","0.016432","0.016432"
"214","0.068359","0.017873","0.004673","0.018691","0.004673","0.000000","0.004673","0.014019","0.014019"
"215","0.068199","0.017810","0.004651","0.016279","0.002325","0.002325","0.006977","0.011628","0.016279"
"216","0.068041","0.017748","0.004630","0.013888","0.004629","0.004630","0.009259","0.013889","0.013889"
"217","0.067884","0.017687","0.004608","0.011520","0.002304","0.006912","0.011521","0.016129","0.016129"
"218","0.067729","0.017626","0.004587","0.013761","0.004587","0.004587","0.009174","0.018349","0.018349"
"219","0.067574","0.017566","0.004566","0.015981","0.002283","0.002283","0.011416","0.015982","0.020548"
"220","0.067420","0.017506","0.004545","0.013636","0.004545","0.004545","0.009091","0.018182","0.018182"
"221","0.067267","0.017446","0.004525","0.015837","0.002262","0.006787","0.011312","0.015837","0.020362"
"222","0.067116","0.017387","0.004505","0.013513","0.000000","0.009009","0.013514","0.013513","0.018018"
"223","0.066965","0.017329","0.004484","0.015695","0.002242","0.006726","0.011211","0.015695","0.020179"
"224","0.066815","0.017271","0.004464","0.013392","0.004464","0.004464","0.013393","0.017857","0.017857"
"225","0.066667","0.017213","0.004444","0.015555","0.006666","0.006667","0.015556","0.020000","0.020000"
"226","0.066519","0.017156","0.004425","0.013274","0.004424","0.004425","0.017699","0.022124","0.017699"
"227","0.066372","0.017099","0.004405","0.015418","0.002202","0.006608","0.015418","0.024229","0.019824"
"228","0.066227","0.017043","0.004386","0.013157","0.004386","0.008772","0.013158","0.021930","0.017544"
"229","0.066082","0.016987","0.004367","0.015283","0.006550","0.010917","0.015284","0.024017","0.019651"
"230","0.065938","0.016932","0.004348","0.013043","0.004347","0.008696","0.017391","0.021739","0.017391"
"231","0.065795","0.016877","0.004329","0.010822","0.002164","0.006494","0.015151","0.019480","0.019481"
"232","0.065653","0.016822","0.004310","0.012931","0.004310","0.008621","0.012931","0.021552","0.021552"
"233","0.065512","0.016768","0.004292","0.015021","0.002146","0.010730","0.010730","0.019313","0.019313"
"234","0.065372","0.016714","0.004274","0.012820","0.004273","0.008547","0.008547","0.017094","0.021368"
"235","0.065233","0.016661","0.004255","0.014893","0.002127","0.006383","0.006383","0.019149","0.023404"
"236","0.065094","0.016608","0.004237","0.016949","0.004237","0.008475","0.008475","0.021186","0.025424"
"237","0.064957","0.016555","0.004219","0.014767","0.002109","0.010549","0.006329","0.023207","0.027426"
"238","0.064820","0.016503","0.004202","0.012605","0.000000","0.008403","0.004202","0.025210","0.025210"
"239","0.064685","0.016451","0.004184","0.010460","0.002092","0.006276","0.006276","0.023012","0.023013"
"240","0.064550","0.016400","0.004167","0.012499","0.004166","0.004167","0.008333","0.020833","0.025000"
"241","0.064416","0.016349","0.004149","0.010373","0.006224","0.006224","0.006224","0.022821","0.022822"
"242","0.064282","0.016298","0.004132","0.008264","0.004132","0.004132","0.004132","0.024793","0.020661"
"243","0.064150","0.016248","0.004115","0.010287","0.002057","0.006173","0.006173","0.026749","0.018519"
"244","0.064018","0.016198","0.004098","0.008196","0.000000","0.008197","0.008197","0.028688","0.016393"
"245","0.063888","0.016148","0.004082","0.010203","0.002041","0.006122","0.010204","0.026530","0.014286"
"246","0.063758","0.016099","0.004065","0.012195","0.004065","0.004065","0.012195","0.024390","0.016260"
"247","0.063628","0.016050","0.004049","0.010121","0.002024","0.002024","0.014170","0.026316","0.018219"
"248","0.063500","0.016002","0.004032","0.008064","0.004032","0.004032","0.016129","0.024193","0.020161"
"249","0.063372","0.015953","0.004016","0.010040","0.002008","0.006024","0.014056","0.026104","0.018072"
"250","0.063246","0.015905","0.004000","0.011999","0.004000","0.004000","0.012000","0.024000","0.020000"
"251","0.063119","0.015858","0.003984","0.009960","0.001992","0.001992","0.009960","0.021912","0.021912"
"252","0.062994","0.015811","0.003968","0.011904","0.003968","0.000000","0.011905","0.019841","0.019841"
"253","0.062869","0.015764","0.003953","0.013833","0.005929","0.001976","0.013834","0.017786","0.017787"
"254","0.062746","0.015717","0.003937","0.011810","0.003937","0.000000","0.011811","0.015748","0.019685"
"255","0.062622","0.015671","0.003922","0.013725","0.001961","0.001961","0.009804","0.017647","0.017647"
"256","0.062500","0.015625","0.003906","0.015624","0.003906","0.000000","0.011719","0.019531","0.015625"
"257","0.062378","0.015579","0.003891","0.017509","0.005836","0.001945","0.013619","0.017510","0.013619"
"258","0.062257","0.015534","0.003876","0.015503","0.003876","0.003876","0.011628","0.019380","0.015504"
"259","0.062137","0.015489","0.003861","0.013513","0.001930","0.001930","0.009652","0.017374","0.013513"
"260","0.062017","0.015444","0.003846","0.015384","0.000000","0.003846","0.011538","0.015384","0.011538"
"261","0.061898","0.015400","0.003831","0.017241","0.001915","0.001916","0.009579","0.017241","0.009579"
"262","0.061780","0.015356","0.003817","0.015267","0.003817","0.003817","0.007634","0.015267","0.011450"
"263","0.061663","0.015312","0.003802","0.013307","0.001901","0.001901","0.005703","0.013308","0.013308"
"264","0.061546","0.015269","0.003788","0.011363","0.000000","0.003788","0.007576","0.011364","0.011364"
"265","0.061430","0.015225","0.003774","0.013207","0.001887","0.005660","0.009434","0.009434","0.013208"
"266","0.061314","0.015182","0.003759","0.011278","0.000000","0.003759","0.007519","0.011278","0.011278"
"267","0.061199","0.015140","0.003745","0.009363","0.001872","0.001873","0.009363","0.013108","0.013109"
"268","0.061085","0.015097","0.003731","0.011193","0.000000","0.000000","0.007463","0.014925","0.014925"
"269","0.060971","0.015055","0.003717","0.009293","0.001859","0.001859","0.005576","0.013011","0.016729"
"270","0.060858","0.015013","0.003704","0.007407","0.000000","0.003704","0.007407","0.011111","0.018519"
"271","0.060746","0.014972","0.003690","0.005534","0.001845","0.005535","0.009225","0.012915","0.016605"
"272","0.060634","0.014930","0.003676","0.003676","0.003677","0.003676","0.011029","0.011029","0.014706"
"273","0.060523","0.014889","0.003663","0.005494","0.001832","0.001831","0.009158","0.012820","0.012821"
"274","0.060412","0.014849","0.003650","0.003649","0.000000","0.003649","0.007299","0.010949","0.010949"
"275","0.060302","0.014808","0.003636","0.005454","0.001818","0.001818","0.005455","0.012727","0.009091"
"276","0.060193","0.014768","0.003623","0.007246","0.003623","0.003623","0.003623","0.014493","0.010870"
"277","0.060084","0.014728","0.003610","0.009025","0.001805","0.001805","0.001805","0.016245","0.009025"
"278","0.059976","0.014688","0.003597","0.010791","0.000000","0.003597","0.000000","0.017985","0.010791"
"279","0.059868","0.014649","0.003584","0.008960","0.001792","0.001792","0.001792","0.016129","0.008961"
"280","0.059761","0.014609","0.003571","0.007142","0.003572","0.003571","0.003572","0.014286","0.010714"
"281","0.059655","0.014570","0.003559","0.008896","0.001780","0.005338","0.005338","0.016014","0.012456"
"282","0.059549","0.014532","0.003546","0.007092","0.003546","0.003546","0.003546","0.017730","0.010638"
"283","0.059444","0.014493","0.003534","0.005300","0.001767","0.001767","0.005300","0.015901","0.012368"
"284","0.059339","0.014455","0.003521","0.003521","0.003521","0.000000","0.003521","0.017606","0.010563"
"285","0.059235","0.014417","0.003509","0.005263","0.001755","0.001754","0.001754","0.015789","0.008772"
"286","0.059131","0.014379","0.003497","0.003496","0.003497","0.003496","0.003497","0.013986","0.006993"
"287","0.059028","0.014341","0.003484","0.001742","0.005227","0.005226","0.001742","0.015679","0.008711"
"288","0.058926","0.014304","0.003472","0.003472","0.003473","0.003472","0.000000","0.017361","0.006945"
"289","0.058824","0.014267","0.003460","0.001729","0.001730","0.001730","0.001730","0.019031","0.005190"
"290","0.058722","0.014230","0.003448","0.003448","0.000000","0.003448","0.000000","0.017241","0.006897"
"291","0.058621","0.014193","0.003436","0.005154","0.001719","0.001718","0.001718","0.018900","0.008591"
"292","0.058521","0.014157","0.003425","0.006849","0.003425","0.003424","0.003425","0.017123","0.010274"
"293","0.058421","0.014120","0.003413","0.005119","0.001707","0.001706","0.005119","0.015358","0.011945"
"294","0.058321","0.014084","0.003401","0.003401","0.000000","0.003401","0.006803","0.013605","0.013606"
"295","0.058222","0.014049","0.003390","0.005084","0.001695","0.001695","0.005085","0.015254","0.015254"
"296","0.058124","0.014013","0.003378","0.003378","0.000000","0.000000","0.003378","0.013513","0.013514"
"297","0.058026","0.013978","0.003367","0.001683","0.001683","0.001683","0.005050","0.011784","0.011785"
"298","0.057928","0.013942","0.003356","0.003355","0.000000","0.003356","0.003356","0.013423","0.010067"
"299","0.057831","0.013907","0.003344","0.001672","0.001672","0.001672","0.005017","0.011706","0.008361"
"300","0.057735","0.013873","0.003333","0.003333","0.000000","0.000000","0.003333","0.010000","0.010000"
"301","0.057639","0.013838","0.003322","0.001661","0.001661","0.001661","0.001661","0.008305","0.011628"
"302","0.057544","0.013804","0.003311","0.000001","0.003311","0.003311","0.000000","0.009934","0.009934"
"303","0.057448","0.013769","0.003300","0.001650","0.001650","0.004950","0.001650","0.011551","0.011551"
"304","0.057354","0.013736","0.003289","0.000001","0.003289","0.003289","0.000000","0.009868","0.009868"
"305","0.057260","0.013702","0.003279","0.001640","0.004918","0.001639","0.001639","0.011475","0.011475"
"306","0.057166","0.013668","0.003268","0.000001","0.006536","0.003268","0.003268","0.013072","0.013072"
"307","0.057073","0.013635","0.003257","0.001629","0.004886","0.004886","0.004886","0.014658","0.011401"
"308","0.056980","0.013602","0.003247","0.000001","0.003246","0.006493","0.003247","0.016234","0.009740"
"309","0.056888","0.013568","0.003236","0.001618","0.001618","0.008090","0.001618","0.014563","0.008091"
"310","0.056796","0.013536","0.003226","0.003225","0.003225","0.006451","0.003226","0.012903","0.006452"
"311","0.056705","0.013503","0.003215","0.001607","0.004823","0.008038","0.001608","0.011254","0.004823"
"312","0.056614","0.013471","0.003205","0.000000","0.003205","0.006410","0.003205","0.012820","0.003205"
"313","0.056523","0.013438","0.003195","0.001598","0.001597","0.007987","0.004792","0.011182","0.004792"
"314","0.056433","0.013406","0.003185","0.000000","0.000000","0.009554","0.006369","0.012739","0.006369"
"315","0.056344","0.013374","0.003175","0.001587","0.001587","0.011111","0.007936","0.014286","0.007937"
"316","0.056254","0.013342","0.003165","0.003164","0.000000","0.009494","0.006329","0.012658","0.006329"
"317","0.056166","0.013311","0.003155","0.004731","0.001578","0.007886","0.004732","0.014195","0.004732"
"318","0.056077","0.013279","0.003145","0.006289","0.000000","0.009434","0.006289","0.012578","0.006289"
"319","0.055989","0.013248","0.003135","0.007837","0.001568","0.010972","0.007837","0.014106","0.007837"
"320","0.055902","0.013217","0.003125","0.009375","0.000000","0.009375","0.009375","0.015625","0.006250"
"321","0.055815","0.013186","0.003115","0.010903","0.001558","0.007788","0.010903","0.017134","0.007788"
"322","0.055728","0.013156","0.003106","0.009316","0.000000","0.009317","0.012422","0.015528","0.009317"
"323","0.055641","0.013125","0.003096","0.007740","0.001548","0.010836","0.010836","0.017028","0.007740"
"324","0.055556","0.013095","0.003086","0.006172","0.003087","0.009259","0.012346","0.015432","0.006173"
"325","0.055470","0.013064","0.003077","0.004615","0.004616","0.010769","0.010769","0.013846","0.004615"
"326","0.055385","0.013034","0.003067","0.003067","0.003068","0.009202","0.012270","0.012270","0.006135"
"327","0.055300","0.013004","0.003058","0.001529","0.001529","0.010703","0.010703","0.010703","0.007645"
"328","0.055216","0.012975","0.003049","0.003048","0.003049","0.009146","0.009146","0.009146","0.009146"
"329","0.055132","0.012945","0.003040","0.004559","0.004560","0.010638","0.010638","0.010638","0.010638"
"330","0.055048","0.012916","0.003030","0.003030","0.006061","0.012121","0.012121","0.012121","0.009091"
"331","0.054965","0.012886","0.003021","0.001510","0.004532","0.010574","0.010574","0.010574","0.007553"
"332","0.054882","0.012857","0.003012","0.003012","0.003012","0.009036","0.009036","0.012048","0.006024"
"333","0.054800","0.012828","0.003003","0.001501","0.004505","0.007507","0.007508","0.010510","0.007507"
"334","0.054718","0.012799","0.002994","0.002994","0.002994","0.008982","0.008982","0.011976","0.008982"
"335","0.054636","0.012771","0.002985","0.004477","0.004478","0.010448","0.010448","0.010448","0.010448"
"336","0.054554","0.012742","0.002976","0.005952","0.005953","0.011905","0.011905","0.011905","0.011905"
"337","0.054473","0.012714","0.002967","0.007418","0.007419","0.010386","0.010386","0.013353","0.010386"
"338","0.054393","0.012686","0.002959","0.005917","0.005917","0.008876","0.011834","0.014793","0.008876"
"339","0.054313","0.012658","0.002950","0.004424","0.004425","0.010324","0.010325","0.016224","0.010324"
"340","0.054233","0.012630","0.002941","0.005882","0.005883","0.008823","0.008824","0.017647","0.011765"
"341","0.054153","0.012602","0.002933","0.007331","0.007332","0.010264","0.010264","0.019061","0.013196"
"342","0.054074","0.012574","0.002924","0.008771","0.005848","0.008772","0.011696","0.020468","0.014620"
"343","0.053995","0.012547","0.002915","0.010204","0.004373","0.010204","0.013120","0.018950","0.013119"
"344","0.053916","0.012519","0.002907","0.011627","0.005814","0.008721","0.011628","0.017442","0.011628"
"345","0.053838","0.012492","0.002899","0.013043","0.007247","0.007246","0.010145","0.015942","0.010145"
"346","0.053760","0.012465","0.002890","0.011560","0.005781","0.008670","0.008671","0.014451","0.011561"
"347","0.053683","0.012438","0.002882","0.012968","0.004323","0.007204","0.007205","0.015850","0.012968"
"348","0.053606","0.012411","0.002874","0.014367","0.002874","0.005747","0.005747","0.017241","0.011494"
"349","0.053529","0.012385","0.002865","0.015759","0.004298","0.004298","0.007163","0.015759","0.012894"
"350","0.053452","0.012358","0.002857","0.017142","0.002857","0.005714","0.005714","0.014286","0.014286"
"351","0.053376","0.012332","0.002849","0.018518","0.004274","0.007122","0.007123","0.012820","0.012820"
"352","0.053300","0.012305","0.002841","0.019886","0.005682","0.008523","0.008523","0.014204","0.011364"
"353","0.053225","0.012279","0.002833","0.021246","0.004250","0.007082","0.009915","0.015581","0.009915"
"354","0.053149","0.012253","0.002825","0.022598","0.002825","0.005650","0.011300","0.014124","0.011299"
"355","0.053074","0.012227","0.002817","0.023943","0.001409","0.007042","0.012676","0.012676","0.012676"
"356","0.053000","0.012201","0.002809","0.025280","0.002809","0.005618","0.014045","0.011236","0.011236"
"357","0.052926","0.012176","0.002801","0.023809","0.004202","0.007003","0.012605","0.009804","0.009804"
"358","0.052852","0.012150","0.002793","0.022346","0.002793","0.005586","0.011173","0.011173","0.008380"
"359","0.052778","0.012125","0.002786","0.023676","0.001393","0.004178","0.012535","0.012535","0.006964"
"360","0.052705","0.012100","0.002778","0.022222","0.000000","0.005555","0.011111","0.011111","0.005555"
"361","0.052632","0.012075","0.002770","0.020775","0.001385","0.004155","0.012465","0.012465","0.006925"
"362","0.052559","0.012049","0.002762","0.019337","0.002763","0.005525","0.013812","0.011050","0.005525"
"363","0.052486","0.012025","0.002755","0.017906","0.004132","0.006887","0.015152","0.009642","0.004132"
"364","0.052414","0.012000","0.002747","0.019230","0.002747","0.008242","0.016484","0.008242","0.005494"
"365","0.052342","0.011975","0.002740","0.020547","0.004110","0.006849","0.017808","0.009589","0.004110"
"366","0.052271","0.011951","0.002732","0.019125","0.005465","0.005464","0.016393","0.010929","0.002732"
"367","0.052200","0.011926","0.002725","0.020436","0.004087","0.006812","0.017711","0.012261","0.001362"
"368","0.052129","0.011902","0.002717","0.019021","0.005435","0.008152","0.019022","0.010869","0.002717"
"369","0.052058","0.011878","0.002710","0.020325","0.004065","0.006775","0.017615","0.012195","0.001355"
"370","0.051988","0.011854","0.002703","0.021621","0.005406","0.005405","0.016216","0.010811","0.002703"
"371","0.051917","0.011830","0.002695","0.022911","0.004043","0.006738","0.014825","0.012129","0.001348"
"372","0.051848","0.011806","0.002688","0.021505","0.005377","0.008064","0.016129","0.010752","0.000000"
"373","0.051778","0.011782","0.002681","0.022788","0.006703","0.009383","0.014745","0.012064","0.001340"
"374","0.051709","0.011758","0.002674","0.021390","0.005348","0.008021","0.016043","0.010695","0.000000"
"375","0.051640","0.011735","0.002667","0.022666","0.004000","0.006667","0.014667","0.009333","0.001333"
"376","0.051571","0.011711","0.002660","0.023936","0.002660","0.007979","0.015958","0.010638","0.002660"
"377","0.051503","0.011688","0.002653","0.025199","0.003979","0.006631","0.014589","0.011936","0.001326"
"378","0.051434","0.011665","0.002646","0.023809","0.005291","0.007936","0.015873","0.013227","0.002646"
"379","0.051367","0.011642","0.002639","0.025066","0.006597","0.009235","0.017150","0.011873","0.003958"
"380","0.051299","0.011619","0.002632","0.023684","0.005263","0.010526","0.018421","0.013158","0.002632"
"381","0.051232","0.011596","0.002625","0.022309","0.003937","0.009186","0.017060","0.011811","0.001312"
"382","0.051164","0.011573","0.002618","0.023560","0.005236","0.007853","0.018325","0.010471","0.002618"
"383","0.051098","0.011551","0.002611","0.022193","0.003917","0.009138","0.016971","0.011749","0.003917"
"384","0.051031","0.011528","0.002604","0.020833","0.005209","0.010417","0.015625","0.013021","0.002604"
"385","0.050965","0.011505","0.002597","0.019480","0.003896","0.009091","0.016883","0.014286","0.003896"
"386","0.050899","0.011483","0.002591","0.018134","0.005182","0.007772","0.015544","0.015544","0.002591"
"387","0.050833","0.011461","0.002584","0.016796","0.003876","0.009044","0.014212","0.014212","0.001292"
"388","0.050767","0.011439","0.002577","0.015464","0.002578","0.010309","0.015464","0.015464","0.002577"
"389","0.050702","0.011417","0.002571","0.014139","0.003856","0.008997","0.014139","0.016709","0.003856"
"390","0.050637","0.011395","0.002564","0.012820","0.005128","0.010256","0.015385","0.015384","0.002564"
"391","0.050572","0.011373","0.002558","0.014066","0.003837","0.008951","0.014067","0.016624","0.001279"
"392","0.050508","0.011351","0.002551","0.012755","0.002551","0.010204","0.012755","0.017857","0.002551"
"393","0.050443","0.011329","0.002545","0.013995","0.003817","0.008906","0.011450","0.016539","0.003817"
"394","0.050379","0.011308","0.002538","0.015228","0.005076","0.010152","0.010152","0.017766","0.002538"
"395","0.050315","0.011286","0.002532","0.013924","0.003798","0.011392","0.008861","0.016456","0.003798"
"396","0.050252","0.011265","0.002525","0.015151","0.002525","0.010101","0.007576","0.015151","0.002525"
"397","0.050189","0.011244","0.002519","0.016373","0.001260","0.008816","0.008816","0.013854","0.001260"
"398","0.050125","0.011222","0.002513","0.015075","0.002513","0.007538","0.007538","0.015075","0.002513"
"399","0.050063","0.011201","0.002506","0.016290","0.001253","0.008772","0.008772","0.013784","0.001253"
"400","0.050000","0.011180","0.002500","0.015000","0.002500","0.010000","0.010000","0.015000","0.000000"
"401","0.049938","0.011159","0.002494","0.016209","0.001247","0.008728","0.011222","0.016209","0.001247"
"402","0.049875","0.011139","0.002488","0.014925","0.000000","0.007463","0.009950","0.017413","0.000000"
"403","0.049814","0.011118","0.002481","0.013647","0.001241","0.006204","0.008685","0.016129","0.001241"
"404","0.049752","0.011097","0.002475","0.012376","0.002475","0.007426","0.007426","0.017327","0.002475"
"405","0.049690","0.011077","0.002469","0.011111","0.001234","0.006173","0.006173","0.016049","0.003704"
"406","0.049629","0.011056","0.002463","0.009852","0.000000","0.007389","0.004926","0.017241","0.004926"
"407","0.049568","0.011036","0.002457","0.011056","0.001228","0.006142","0.003685","0.015970","0.003685"
"408","0.049507","0.011016","0.002451","0.012255","0.002451","0.007353","0.004902","0.017157","0.002451"
"409","0.049447","0.010995","0.002445","0.013447","0.001222","0.006112","0.003667","0.015892","0.003667"
"410","0.049386","0.010975","0.002439","0.012195","0.000000","0.004878","0.004878","0.017073","0.002439"
"411","0.049326","0.010955","0.002433","0.010949","0.001216","0.006083","0.006083","0.015815","0.001216"
"412","0.049266","0.010935","0.002427","0.009708","0.002427","0.004854","0.007281","0.014563","0.000000"
"413","0.049207","0.010915","0.002421","0.010896","0.003632","0.006053","0.006053","0.015738","0.001211"
"414","0.049147","0.010896","0.002415","0.012077","0.002415","0.004831","0.007246","0.014493","0.002415"
"415","0.049088","0.010876","0.002410","0.010843","0.001205","0.006024","0.006024","0.015662","0.001205"
"416","0.049029","0.010856","0.002404","0.009615","0.000000","0.007212","0.004808","0.014423","0.002404"
"417","0.048970","0.010837","0.002398","0.008393","0.001199","0.008393","0.003597","0.015587","0.003597"
"418","0.048912","0.010817","0.002392","0.007177","0.000000","0.007177","0.004785","0.016746","0.004785"
"419","0.048853","0.010798","0.002387","0.005966","0.001193","0.005967","0.003580","0.015513","0.005967"
"420","0.048795","0.010779","0.002381","0.007143","0.000000","0.007143","0.004762","0.014286","0.007143"
"421","0.048737","0.010759","0.002375","0.005938","0.001188","0.008314","0.005938","0.015439","0.005938"
"422","0.048679","0.010740","0.002370","0.007109","0.002370","0.009479","0.007109","0.014218","0.007109"
"423","0.048622","0.010721","0.002364","0.008274","0.003546","0.008274","0.008274","0.013002","0.008274"
"424","0.048564","0.010702","0.002358","0.007075","0.002359","0.007075","0.009434","0.011792","0.007075"
"425","0.048507","0.010683","0.002353","0.008235","0.001177","0.008235","0.008235","0.012941","0.008235"
"426","0.048450","0.010665","0.002347","0.007042","0.002347","0.007042","0.007042","0.014084","0.007042"
"427","0.048393","0.010646","0.002342","0.008197","0.003513","0.008197","0.005855","0.015222","0.005855"
"428","0.048337","0.010627","0.002336","0.007009","0.002337","0.007009","0.007009","0.014018","0.007009"
"429","0.048280","0.010609","0.002331","0.008158","0.001166","0.008159","0.008159","0.012820","0.008158"
"430","0.048224","0.010590","0.002326","0.006977","0.002326","0.006977","0.006977","0.011628","0.009302"
"431","0.048168","0.010572","0.002320","0.005800","0.003480","0.005800","0.008121","0.012761","0.008121"
"432","0.048113","0.010553","0.002315","0.006944","0.002315","0.006944","0.006944","0.011574","0.009259"
"433","0.048057","0.010535","0.002309","0.005773","0.003464","0.008083","0.005774","0.010392","0.008083"
"434","0.048002","0.010517","0.002304","0.004608","0.002304","0.006912","0.006912","0.009216","0.006912"
"435","0.047946","0.010499","0.002299","0.005747","0.003448","0.005747","0.008046","0.010345","0.005747"
"436","0.047891","0.010481","0.002294","0.004587","0.002294","0.006881","0.006881","0.011468","0.006881"
"437","0.047836","0.010463","0.002288","0.003432","0.003433","0.008009","0.008009","0.010297","0.008009"
"438","0.047782","0.010445","0.002283","0.002283","0.004566","0.006849","0.006849","0.011415","0.006849"
"439","0.047727","0.010427","0.002278","0.001139","0.003417","0.005695","0.007973","0.012528","0.007973"
"440","0.047673","0.010409","0.002273","0.000000","0.002273","0.004545","0.009091","0.011363","0.006818"
"441","0.047619","0.010391","0.002268","0.001134","0.001134","0.005669","0.007936","0.010204","0.005669"
"442","0.047565","0.010374","0.002262","0.000000","0.002263","0.004525","0.006787","0.011312","0.004525"
"443","0.047511","0.010356","0.002257","0.001128","0.003386","0.005643","0.007901","0.012415","0.005643"
"444","0.047458","0.010339","0.002252","0.000000","0.004505","0.006757","0.009009","0.011261","0.004504"
"445","0.047405","0.010321","0.002247","0.001123","0.003371","0.005618","0.007865","0.010112","0.003371"
"446","0.047351","0.010304","0.002242","0.002242","0.002242","0.004484","0.006726","0.008968","0.004484"
"447","0.047298","0.010287","0.002237","0.003355","0.003356","0.003356","0.005593","0.010067","0.005593"
"448","0.047246","0.010269","0.002232","0.002232","0.002232","0.004464","0.006696","0.008928","0.006696"
"449","0.047193","0.010252","0.002227","0.001113","0.003341","0.005568","0.007795","0.010022","0.007795"
"450","0.047140","0.010235","0.002222","0.002222","0.002222","0.004444","0.006667","0.011111","0.006667"
"451","0.047088","0.010218","0.002217","0.001108","0.003326","0.003326","0.005543","0.009978","0.007761"
"452","0.047036","0.010201","0.002212","0.002212","0.002213","0.002212","0.006637","0.011062","0.008850"
"453","0.046984","0.010184","0.002208","0.001104","0.001104","0.003311","0.007726","0.009934","0.007726"
"454","0.046932","0.010167","0.002203","0.000000","0.002203","0.002203","0.006608","0.011013","0.008811"
"455","0.046881","0.010151","0.002198","0.001099","0.001099","0.003297","0.007692","0.009890","0.007692"
"456","0.046829","0.010134","0.002193","0.000000","0.000000","0.002193","0.006579","0.008772","0.008772"
"457","0.046778","0.010117","0.002188","0.001094","0.001094","0.003282","0.007659","0.009847","0.009847"
"458","0.046727","0.010101","0.002183","0.002184","0.000000","0.002183","0.006550","0.010917","0.008734"
"459","0.046676","0.010084","0.002179","0.001090","0.001089","0.003268","0.005447","0.009804","0.009804"
"460","0.046625","0.010068","0.002174","0.000000","0.000000","0.004348","0.004348","0.008696","0.010870"
"461","0.046575","0.010051","0.002169","0.001085","0.001084","0.003254","0.005423","0.009761","0.011931"
"462","0.046524","0.010035","0.002165","0.002165","0.002164","0.004329","0.004329","0.010822","0.010823"
"463","0.046474","0.010019","0.002160","0.003240","0.001080","0.003240","0.005399","0.009719","0.011879"
"464","0.046424","0.010003","0.002155","0.004311","0.000000","0.004310","0.006465","0.010776","0.012931"
"465","0.046374","0.009986","0.002151","0.005377","0.001075","0.005376","0.007527","0.009677","0.011828"
"466","0.046324","0.009970","0.002146","0.004292","0.000000","0.006438","0.008584","0.010730","0.010730"
"467","0.046274","0.009954","0.002141","0.005354","0.001071","0.005353","0.009636","0.009636","0.009636"
"468","0.046225","0.009938","0.002137","0.006411","0.000000","0.004274","0.008547","0.010684","0.008547"
"469","0.046176","0.009922","0.002132","0.007463","0.001066","0.005331","0.009595","0.011727","0.007463"
"470","0.046127","0.009907","0.002128","0.006383","0.000000","0.006383","0.008511","0.012766","0.008511"
"471","0.046078","0.009891","0.002123","0.007431","0.001062","0.007431","0.007431","0.011677","0.007431"
"472","0.046029","0.009875","0.002119","0.008475","0.002119","0.006356","0.006356","0.010593","0.006356"
"473","0.045980","0.009859","0.002114","0.007400","0.001057","0.007400","0.005285","0.011628","0.005285"
"474","0.045932","0.009844","0.002110","0.008439","0.000000","0.008439","0.004219","0.012658","0.004219"
"475","0.045883","0.009828","0.002105","0.007369","0.001053","0.007369","0.003158","0.013684","0.005263"
"476","0.045835","0.009813","0.002101","0.008404","0.002101","0.008403","0.002101","0.014706","0.006303"
"477","0.045787","0.009797","0.002096","0.009434","0.001048","0.007338","0.001048","0.015723","0.007338"
"478","0.045739","0.009782","0.002092","0.008368","0.000000","0.008368","0.002092","0.014644","0.006276"
"479","0.045691","0.009767","0.002088","0.007307","0.001044","0.007307","0.003132","0.015658","0.005219"
"480","0.045644","0.009751","0.002083","0.006250","0.002083","0.008333","0.004167","0.014583","0.004167"
"481","0.045596","0.009736","0.002079","0.007277","0.001040","0.009356","0.005198","0.013513","0.005197"
"482","0.045549","0.009721","0.002075","0.008299","0.000000","0.008299","0.006224","0.012448","0.006224"
"483","0.045502","0.009706","0.002070","0.007247","0.001035","0.007246","0.007246","0.011387","0.005176"
"484","0.045455","0.009691","0.002066","0.006199","0.000000","0.006198","0.006198","0.012397","0.006198"
"485","0.045408","0.009676","0.002062","0.005155","0.001031","0.007217","0.007217","0.013402","0.005155"
"486","0.045361","0.009661","0.002058","0.004116","0.000000","0.008230","0.006173","0.012346","0.004115"
"487","0.045314","0.009646","0.002053","0.003080","0.001027","0.009240","0.007187","0.011294","0.005133"
"488","0.045268","0.009631","0.002049","0.004099","0.000000","0.008197","0.006148","0.010246","0.004098"
"489","0.045222","0.009617","0.002045","0.005113","0.001022","0.007157","0.007158","0.009202","0.003067"
"490","0.045175","0.009602","0.002041","0.006123","0.002041","0.008163","0.006123","0.008163","0.004082"
"491","0.045129","0.009587","0.002037","0.005092","0.001018","0.007128","0.007128","0.007128","0.005092"
"492","0.045083","0.009573","0.002033","0.006098","0.000000","0.008130","0.006098","0.008130","0.004065"
"493","0.045038","0.009558","0.002028","0.005071","0.001014","0.007099","0.007099","0.007099","0.003043"
"494","0.044992","0.009543","0.002024","0.004049","0.002024","0.008097","0.008097","0.008097","0.004049"
"495","0.044947","0.009529","0.002020","0.005051","0.003030","0.007071","0.007071","0.007071","0.005050"
"496","0.044901","0.009515","0.002016","0.004033","0.002016","0.006048","0.008065","0.006048","0.004032"
"497","0.044856","0.009500","0.002012","0.005030","0.003018","0.007042","0.007042","0.007042","0.005030"
"498","0.044811","0.009486","0.002008","0.006024","0.002008","0.008032","0.006024","0.008032","0.004016"
"499","0.044766","0.009472","0.002004","0.005010","0.003006","0.007014","0.005010","0.007014","0.003006"
"500","0.044721","0.009457","0.002000","0.006000","0.002000","0.006000","0.006000","0.008000","0.002000"

